Date,Series,p2_5,p16,p50,p84,p97_5
1960-01-01,Pi_bar_trend,0.941401378551181,1.3643545883297497,1.8203534912538861,2.3004770766387685,2.763648817638671
1960-04-01,Pi_bar_trend,0.9252774792832604,1.3616456943510071,1.8162964488162945,2.2867979273284886,2.7699414665821087
1960-07-01,Pi_bar_trend,0.9290500494556873,1.3618224751543766,1.8092260284158321,2.2625482043946104,2.7286201191233794
1960-10-01,Pi_bar_trend,0.9278530487048792,1.3656977781204511,1.8164032748863355,2.2631641654237407,2.737908379288252
1961-01-01,Pi_bar_trend,0.9382695332537594,1.3715101769860185,1.809261895073158,2.264887678438457,2.7455766427227
1961-04-01,Pi_bar_trend,0.9578828125101279,1.3699048812900942,1.8181364783931753,2.261977174441109,2.7459399195124377
1961-07-01,Pi_bar_trend,0.9788569121054541,1.3961533940992918,1.8403059842144844,2.285253765375425,2.7443130107214135
1961-10-01,Pi_bar_trend,0.9947089203928507,1.4063262718581784,1.8450338121916772,2.2955107347509767,2.752771440870044
1962-01-01,Pi_bar_trend,1.0300361060483678,1.4251571838157813,1.857687402892377,2.303735453092032,2.7774958323836514
1962-04-01,Pi_bar_trend,1.0182668604837792,1.4194759645175894,1.8538528314834066,2.2939235872036274,2.745873961234666
1962-07-01,Pi_bar_trend,1.0106944708214896,1.43780169489797,1.86863426391719,2.3169576048137945,2.7569508477750513
1962-10-01,Pi_bar_trend,1.0513442905581774,1.4417588148856564,1.8736464244121747,2.3042997220341594,2.7603832332317904
1963-01-01,Pi_bar_trend,1.0465412072743159,1.4456925487983354,1.8732011698279873,2.319299666983762,2.7872652117831294
1963-04-01,Pi_bar_trend,1.070929229079009,1.4633392461894055,1.8877540993815913,2.335627626537269,2.7895082839570136
1963-07-01,Pi_bar_trend,1.0943284717768464,1.489173830747353,1.9069000634820832,2.336962973612495,2.8286403139289518
1963-10-01,Pi_bar_trend,1.1237362867108764,1.517044364892377,1.9249456679299448,2.366590137921419,2.836980740977003
1964-01-01,Pi_bar_trend,1.1336205587389898,1.5227150924307287,1.9410475713525301,2.373863616907879,2.841677995302615
1964-04-01,Pi_bar_trend,1.144318383768418,1.543275935951011,1.952659553853982,2.38724734020183,2.841089235837152
1964-07-01,Pi_bar_trend,1.1696035531154294,1.5648806432818483,1.976242053101308,2.398403869183078,2.854521310796192
1964-10-01,Pi_bar_trend,1.1935867363525534,1.5958252501361578,2.0014181385732317,2.4233547428867173,2.8698278567924573
1965-01-01,Pi_bar_trend,1.2187055485842704,1.62646745730843,2.0287912555918273,2.4367548270995587,2.883497937892254
1965-04-01,Pi_bar_trend,1.2629632378655065,1.6581175502839214,2.0585271921030843,2.4602561355947925,2.9028023789256268
1965-07-01,Pi_bar_trend,1.310941051218996,1.7062248987152742,2.0922375986403265,2.4876739677134867,2.915891151386777
1965-10-01,Pi_bar_trend,1.360266698768387,1.7476618835773752,2.136417846380325,2.5269202144216947,2.9521788896244323
1966-01-01,Pi_bar_trend,1.4226554540835763,1.813449968247621,2.185005277743178,2.5719821565581906,2.9768711728785253
1966-04-01,Pi_bar_trend,1.4770964903285375,1.8559848368964178,2.2273487989960126,2.597110443648395,3.005387767653248
1966-07-01,Pi_bar_trend,1.5494040115322654,1.9105920932473424,2.2791661455713066,2.647725609712708,3.0467317990508165
1966-10-01,Pi_bar_trend,1.5982854796396622,1.943940337040192,2.309011722897215,2.670369821176456,3.0699856788180226
1967-01-01,Pi_bar_trend,1.6199130195751592,1.9819070964331078,2.334043309361403,2.693646681730574,3.0914457539116555
1967-04-01,Pi_bar_trend,1.6958173671558976,2.0516289417106197,2.390749556309533,2.7435272328569185,3.1173239007666886
1967-07-01,Pi_bar_trend,1.7856798309950723,2.1264683121421504,2.4662638983913943,2.8080133179091624,3.174585069505627
1967-10-01,Pi_bar_trend,1.8875778913326897,2.210455995550545,2.5436561116097307,2.8773047415623947,3.2124460492690785
1968-01-01,Pi_bar_trend,1.9422715285696563,2.25480254194666,2.580962771840415,2.9104130162875625,3.2363451207911016
1968-04-01,Pi_bar_trend,2.022195051629085,2.3185213529112523,2.621335117409845,2.9392387227863503,3.2689050991857127
1968-07-01,Pi_bar_trend,2.0509930090728106,2.3498148711745643,2.6506419632661258,2.9595854145705984,3.272014232714526
1968-10-01,Pi_bar_trend,2.1366857201517124,2.4178989574413468,2.711044010263159,3.001054634255092,3.3130007408963458
1969-01-01,Pi_bar_trend,2.233378513339806,2.4977267273454284,2.7829474339015348,3.0659763395884947,3.354159224746477
1969-04-01,Pi_bar_trend,2.2831478872220403,2.5489744556338647,2.8262338131016675,3.0961043014011547,3.378059056117706
1969-07-01,Pi_bar_trend,2.357054711937311,2.6229265377342035,2.8850567334386015,3.1372837564067186,3.3953150203679527
1969-10-01,Pi_bar_trend,2.4482669413118128,2.696454188498519,2.944462461467647,3.188295056461116,3.4261757157475974
1970-01-01,Pi_bar_trend,2.522893395784547,2.757258577743264,2.9834557065778107,3.2141697972633914,3.4299322531719727
1970-04-01,Pi_bar_trend,2.634523906907321,2.8363232886365255,3.044509685147434,3.24971590363016,3.4535881068659458
1970-07-01,Pi_bar_trend,2.713681813952722,2.889367901943863,3.0738359020246087,3.255541197796503,3.4338548238572106
1970-10-01,Pi_bar_trend,2.786850617665466,2.930088968627085,3.0816140108657732,3.2349703070508617,3.3779036100960163
1971-01-01,Pi_bar_trend,2.860309788496552,2.9725478439474173,3.082465827028323,3.1873832986028074,3.295057466381956
1971-04-01,Pi_bar_trend,2.935831130393921,3.039122193598596,3.132905263342084,3.2282326791183236,3.3219258875066164
1971-07-01,Pi_bar_trend,3.0181062917471473,3.1082767783695218,3.2020218624464682,3.293751771720271,3.390683263188721
1971-10-01,Pi_bar_trend,3.1909869217990434,3.2725741017200916,3.3661302123501193,3.4559689647503498,3.5475021026979126
1972-01-01,Pi_bar_trend,3.2948542023963774,3.379619980007682,3.4742532982978083,3.5671335451399817,3.6600336000078015
1972-04-01,Pi_bar_trend,3.359758077575834,3.452950198142745,3.544926138702056,3.6405255181874727,3.736055230131127
1972-07-01,Pi_bar_trend,3.427299204997529,3.526222317836321,3.6207832652728955,3.71570698494805,3.808614188950906
1972-10-01,Pi_bar_trend,3.573576475943801,3.6701158376893415,3.763521287702322,3.859654307207774,3.96278224230737
1973-01-01,Pi_bar_trend,3.657129789007895,3.7508443759596566,3.8474310590189997,3.946031025230494,4.0394422568280035
1973-04-01,Pi_bar_trend,3.6418923462419968,3.738676499590705,3.84245055405099,3.9458844089291705,4.0505352388068925
1973-07-01,Pi_bar_trend,3.635629877491699,3.7464341788718194,3.8593848731081613,3.9710268641631954,4.083765675837563
1973-10-01,Pi_bar_trend,3.6553213596415497,3.7844230258766447,3.9041899307002437,4.026599601124825,4.152736883522271
1974-01-01,Pi_bar_trend,3.841738945016865,3.9735621822339633,4.1036708727849724,4.236588497005158,4.367796459235556
1974-04-01,Pi_bar_trend,4.136524221920087,4.2772925229074525,4.418283822349277,4.559000139178464,4.697924538345736
1974-07-01,Pi_bar_trend,4.3266339020003866,4.471394900176977,4.610577768575273,4.752949704057625,4.889854364763094
1974-10-01,Pi_bar_trend,4.417252812107966,4.547746214479365,4.686913457125671,4.824307936124553,4.952047049671098
1975-01-01,Pi_bar_trend,4.4954356636044395,4.625787664487755,4.756361073653872,4.885372663456033,5.004477492284239
1975-04-01,Pi_bar_trend,4.614289887563914,4.735702362802343,4.85292324107094,4.965214568195468,5.079579887757552
1975-07-01,Pi_bar_trend,4.6928381858166555,4.806684935255728,4.915591373853019,5.023950754970963,5.133083242433287
1975-10-01,Pi_bar_trend,4.677966320756406,4.782191744353199,4.884046102663625,4.988356366149064,5.083750295889797
1976-01-01,Pi_bar_trend,4.5614940957435675,4.656182368007672,4.754063062888272,4.8498599597170005,4.943844081017182
1976-04-01,Pi_bar_trend,4.405893691321105,4.494945851073335,4.591896015856014,4.689809295610825,4.784292095077723
1976-07-01,Pi_bar_trend,4.373309678455692,4.465594062300973,4.566252724792284,4.660536466858719,4.751530320551158
1976-10-01,Pi_bar_trend,4.354989303867826,4.443868515387519,4.544555898287773,4.647998748128925,4.747431741489993
1977-01-01,Pi_bar_trend,4.366388441313781,4.4684904916942045,4.571706303474656,4.673136986127797,4.773792297884461
1977-04-01,Pi_bar_trend,4.434834929999866,4.535632048385992,4.637147832841462,4.740631317896381,4.844756636535804
1977-07-01,Pi_bar_trend,4.543995742013147,4.645830615689044,4.747295709869823,4.852009405368325,4.951094417800832
1977-10-01,Pi_bar_trend,4.644209280001002,4.743707663397855,4.849936294883201,4.953098297411812,5.0524147338722
1978-01-01,Pi_bar_trend,4.818955189195287,4.925195989421096,5.0275201403180185,5.127467128905993,5.2342863618149345
1978-04-01,Pi_bar_trend,5.040320706467023,5.145738064851737,5.248732646133083,5.350147842625119,5.4511600835579666
1978-07-01,Pi_bar_trend,5.177687692632651,5.28323225017708,5.391207829287799,5.497751728162037,5.6078366114811
1978-10-01,Pi_bar_trend,5.374407672758815,5.494921618296218,5.610551299203685,5.726811252878898,5.8376094325375485
1979-01-01,Pi_bar_trend,5.640072999398916,5.757778436432607,5.879511583784696,5.999052525748773,6.108162157957276
1979-04-01,Pi_bar_trend,5.7756875946034505,5.903037578863592,6.031224133694889,6.158584515621874,6.278910938041498
1979-07-01,Pi_bar_trend,5.968969257515799,6.106232830557042,6.239200772502044,6.366440454503288,6.495298609900763
1979-10-01,Pi_bar_trend,6.079268158000669,6.211921737661111,6.342496687674704,6.477500260998424,6.601331418374474
1980-01-01,Pi_bar_trend,6.1772567117130555,6.300786705591037,6.4322361343559695,6.566559380777599,6.686136373218388
1980-04-01,Pi_bar_trend,6.1703785332720065,6.2959246543506735,6.422814574635596,6.549141789171116,6.667702114159908
1980-07-01,Pi_bar_trend,6.295352724714276,6.421453490177645,6.544893961257058,6.66530273838958,6.7787078402046035
1980-10-01,Pi_bar_trend,6.508198003085015,6.646101097696726,6.7787920988776,6.908169290738612,7.035845850720317
1981-01-01,Pi_bar_trend,6.687498970410894,6.834366043421121,6.980722375196773,7.1207545361812,7.258032553592921
1981-04-01,Pi_bar_trend,6.62561319620676,6.7966450694906415,6.952564487158151,7.094447827809251,7.2382771499719
1981-07-01,Pi_bar_trend,6.580475384180373,6.749237797836837,6.916571826354825,7.0673822802687125,7.221375303887334
1981-10-01,Pi_bar_trend,6.505783736402917,6.667753803375595,6.843294451669449,7.008573746533902,7.162723500757913
1982-01-01,Pi_bar_trend,6.325788958000866,6.499973479959395,6.663458569919081,6.821015592058261,6.979339845545952
1982-04-01,Pi_bar_trend,6.150349269466237,6.310146680308712,6.4711117424173885,6.619660260759725,6.761681276186543
1982-07-01,Pi_bar_trend,6.084496253390432,6.235950421994404,6.376959411732969,6.51940629275342,6.6443598476823205
1982-10-01,Pi_bar_trend,5.9453060670057685,6.080440133457662,6.20737398973307,6.331428538619722,6.446731678995922
1983-01-01,Pi_bar_trend,5.863544726813224,5.996883584582019,6.118194843833326,6.229767490537218,6.341694072975613
1983-04-01,Pi_bar_trend,5.879139536256673,6.011762252058702,6.127267863768663,6.237588311678884,6.349600651262209
1983-07-01,Pi_bar_trend,5.891790129671581,6.036161905597211,6.153571990643415,6.271440672512537,6.379566032330627
1983-10-01,Pi_bar_trend,5.845120469203353,5.980320619536451,6.114926462818058,6.241357563856497,6.362978360825698
1984-01-01,Pi_bar_trend,5.739528661696313,5.891228560757268,6.036746372465365,6.178204423301703,6.312750072203711
1984-04-01,Pi_bar_trend,5.621887964224332,5.783371369647017,5.933441042807121,6.090939438156931,6.228811502391763
1984-07-01,Pi_bar_trend,5.363951136089404,5.521201359859327,5.671674219156231,5.824356532181034,5.963348089651888
1984-10-01,Pi_bar_trend,5.099879678255924,5.256845074098627,5.405915119733713,5.55356961480363,5.695308183725954
1985-01-01,Pi_bar_trend,4.960200923983601,5.107037070298575,5.249592475264804,5.390435015850813,5.530384196749567
1985-04-01,Pi_bar_trend,4.9506277915222245,5.085946288215338,5.218860023354185,5.349585102830087,5.480996225367511
1985-07-01,Pi_bar_trend,5.0039791921940155,5.134553248138363,5.258917609644693,5.375394619946675,5.499804006392863
1985-10-01,Pi_bar_trend,4.98342776657303,5.092261325709377,5.201457013349236,5.309289547674893,5.41645250973223
1986-01-01,Pi_bar_trend,4.821485641739076,4.926049745914154,5.030565611560054,5.132074220977638,5.233907807072103
1986-04-01,Pi_bar_trend,4.708356905005535,4.816587660451771,4.923997184126387,5.033954836874514,5.138198797532118
1986-07-01,Pi_bar_trend,4.643966951296112,4.750520419849596,4.859232312153928,4.96949756680634,5.084353062427085
1986-10-01,Pi_bar_trend,4.614325990012801,4.719745409889644,4.829041033173956,4.940263972732625,5.043770007858867
1987-01-01,Pi_bar_trend,4.63417485088906,4.73204756619433,4.837451532894287,4.942707524921481,5.045421460539683
1987-04-01,Pi_bar_trend,4.671469756412367,4.765930409794978,4.864096048783581,4.960954552133657,5.058334892909013
1987-07-01,Pi_bar_trend,4.690270679508744,4.783482471832394,4.880744213311588,4.977828075897171,5.074499836760622
1987-10-01,Pi_bar_trend,4.580600703603619,4.673953756557308,4.7659374177316565,4.859373648752462,4.947604364896347
1988-01-01,Pi_bar_trend,4.494444630219419,4.588311821680313,4.680682506568753,4.770892929971939,4.858477577727257
1988-04-01,Pi_bar_trend,4.387378921055389,4.478861809676147,4.571354238770565,4.661258365815722,4.748463690493839
1988-07-01,Pi_bar_trend,4.244472914540329,4.335566741831829,4.4221835565912295,4.515367052913103,4.599600509644554
1988-10-01,Pi_bar_trend,4.072547334347065,4.1591821968782785,4.250720523616717,4.342630618517749,4.42735014309015
1989-01-01,Pi_bar_trend,3.9925864981607373,4.08504670128834,4.178531446579751,4.270703100765464,4.358394408898903
1989-04-01,Pi_bar_trend,3.9087831997268823,4.002512869871786,4.097475376298129,4.191261572261702,4.2793283509963835
1989-07-01,Pi_bar_trend,3.7446291770581115,3.839390861450672,3.9353827272930646,4.030033234675251,4.116567073488348
1989-10-01,Pi_bar_trend,3.5981018091929506,3.689741322873905,3.785012277299668,3.882882528882303,3.9759631040432843
1990-01-01,Pi_bar_trend,3.4897174995555567,3.5862035979988596,3.686428631414457,3.7817287787008205,3.8725703308444652
1990-04-01,Pi_bar_trend,3.518950614802764,3.6201969834249113,3.7167273259120033,3.8114673749371555,3.8997115254411416
1990-07-01,Pi_bar_trend,3.5708386221433055,3.669831817683517,3.7646784138903127,3.8618506591980233,3.9500671580624025
1990-10-01,Pi_bar_trend,3.553996303741674,3.6477903652750254,3.744358913978674,3.836075966258899,3.9345598696990325
1991-01-01,Pi_bar_trend,3.5464636691114304,3.6423171041173705,3.7349057498674534,3.8270284182516074,3.9187572726528317
1991-04-01,Pi_bar_trend,3.55027972139202,3.6454745328670413,3.740901980553674,3.8344939162308473,3.9268438816575895
1991-07-01,Pi_bar_trend,3.449794216672626,3.546728698697591,3.6412388335536576,3.727161181039225,3.816242664573315
1991-10-01,Pi_bar_trend,3.3467828518671547,3.443065061719266,3.535810588356916,3.629069058595302,3.7192158296156346
1992-01-01,Pi_bar_trend,3.2445761481274906,3.336000736261247,3.434442033703781,3.530979861024971,3.619576768494773
1992-04-01,Pi_bar_trend,3.2506553107730896,3.342286150655212,3.434867398574472,3.529849507914679,3.6267429825667956
1992-07-01,Pi_bar_trend,3.140975203748192,3.231497199658166,3.328121172569601,3.427354420072372,3.5186067169090283
1992-10-01,Pi_bar_trend,3.0554913773726913,3.149790618531508,3.2434048370093005,3.343035202025768,3.436885999140177
1993-01-01,Pi_bar_trend,2.9675507655559517,3.06598621213298,3.164411706511021,3.2643890979002257,3.358955584476928
1993-04-01,Pi_bar_trend,2.983676645173586,3.074424878757328,3.1717747065282587,3.2658582750443665,3.362543384624442
1993-07-01,Pi_bar_trend,2.875055879452167,2.963697302807871,3.0623763427832214,3.1572243146873182,3.2577147169367255
1993-10-01,Pi_bar_trend,2.8351440962678405,2.931337248066027,3.0250279131579756,3.1152729878308545,3.2188279687042316
1994-01-01,Pi_bar_trend,2.8219416474787575,2.9129944969563866,3.00665211461953,3.1024395891445016,3.1997595427864596
1994-04-01,Pi_bar_trend,2.845816002073152,2.941316151706981,3.035604240757044,3.133954423574687,3.230782042348504
1994-07-01,Pi_bar_trend,2.8217738066158833,2.917306775130959,3.0116340484441353,3.111683519928255,3.2115979699549446
1994-10-01,Pi_bar_trend,2.7928701607880444,2.892129708789786,2.9912898737900404,3.0888625010068655,3.1895922625758097
1995-01-01,Pi_bar_trend,2.7116303968156115,2.80373327371837,2.9023946685189532,3.0001797158989696,3.088409109960036
1995-04-01,Pi_bar_trend,2.642780416417336,2.7352161801416828,2.828245354147427,2.920484217428545,3.0057682765219305
1995-07-01,Pi_bar_trend,2.54427389284844,2.6330476339459064,2.723441658738859,2.814230420565065,2.903663555915831
1995-10-01,Pi_bar_trend,2.4096968577725457,2.4989864537756903,2.5908169549980458,2.6790491377211225,2.7653475627161055
1996-01-01,Pi_bar_trend,2.356720241010875,2.438642309234298,2.527905477324036,2.6143310529827493,2.695146159992172
1996-04-01,Pi_bar_trend,2.34656900047032,2.440667009584169,2.5286690037286754,2.617202951477877,2.6966285448680964
1996-07-01,Pi_bar_trend,2.3246957377713504,2.4211284148914896,2.508510394957831,2.5990702535866896,2.688695889550105
1996-10-01,Pi_bar_trend,2.303294405062094,2.392825744164631,2.479472956856442,2.5680666929576392,2.652845571994727
1997-01-01,Pi_bar_trend,2.286437258470152,2.382226453020725,2.4740559917964027,2.562291966925484,2.6500008499137713
1997-04-01,Pi_bar_trend,2.2367440891450814,2.3343161735255755,2.426248892940804,2.5159306682431146,2.598972600967708
1997-07-01,Pi_bar_trend,2.2090148996638543,2.2992065445780985,2.3906335065362745,2.48189106713103,2.572326879211308
1997-10-01,Pi_bar_trend,2.072168970624347,2.155548970773549,2.246620933402597,2.339700762331745,2.436621112831264
1998-01-01,Pi_bar_trend,1.9761457429237215,2.065999496551191,2.1569685007687203,2.252748980692105,2.3446500434184676
1998-04-01,Pi_bar_trend,1.9019075185021421,1.992882802571981,2.0864059819425056,2.177664125736374,2.273918554995955
1998-07-01,Pi_bar_trend,1.856950161504461,1.9476948261517382,2.0393476056469524,2.131517275282473,2.2212816967509457
1998-10-01,Pi_bar_trend,1.813321902268432,1.8989817427356679,1.9895794366525206,2.079304077329163,2.168289394927025
1999-01-01,Pi_bar_trend,1.7532584538466456,1.8462828963939084,1.9345625435022498,2.021911268480084,2.105887830083732
1999-04-01,Pi_bar_trend,1.7871611060976862,1.8828589285083248,1.9730375758142524,2.0601286524848166,2.1452738247272327
1999-07-01,Pi_bar_trend,1.7959892384244178,1.8905218680117826,1.9803857496110986,2.0704153525779434,2.157286150344372
1999-10-01,Pi_bar_trend,1.8042416740127203,1.8939825454729478,1.9836715569397512,2.0739095437956,2.159486340738934
2000-01-01,Pi_bar_trend,1.7885501896727167,1.885663795049658,1.9793203458681699,2.0719635526417255,2.156529691495477
2000-04-01,Pi_bar_trend,1.7683241303523378,1.8642888313278747,1.9579301856667704,2.050874331901687,2.134494557531101
2000-07-01,Pi_bar_trend,1.7706095683703746,1.8586310504093315,1.9549924649891264,2.0456150745428996,2.1342058545557663
2000-10-01,Pi_bar_trend,1.7581051553012574,1.854732777700219,1.9502623425176726,2.0445226847570175,2.1379632414314043
2001-01-01,Pi_bar_trend,1.7574740307541896,1.8496826488278666,1.944219075969198,2.0406629544880017,2.12999485807215
2001-04-01,Pi_bar_trend,1.8093582090989881,1.894971317532633,1.9855599834279523,2.0774884329605237,2.1733619264613466
2001-07-01,Pi_bar_trend,1.8392666772304624,1.9303489634728845,2.0215811749147052,2.114307679699458,2.1994385630462325
2001-10-01,Pi_bar_trend,1.8813076170706597,1.9751054610166685,2.0721568765816643,2.1649662196495965,2.2628971232359536
2002-01-01,Pi_bar_trend,1.9217798019954968,2.0187749207852765,2.120785391338502,2.2159556029470733,2.3152593377649358
2002-04-01,Pi_bar_trend,1.9381669009533764,2.030979693222504,2.128974513825473,2.2313401456645496,2.316850123855107
2002-07-01,Pi_bar_trend,1.897855644494221,1.9908228562612276,2.0894300390497227,2.1958167789730596,2.29168655226865
2002-10-01,Pi_bar_trend,1.8731678975726884,1.9653115855845305,2.0665689082622576,2.1712563325787797,2.282756121753474
2003-01-01,Pi_bar_trend,1.8644886261407163,1.9647810403785402,2.069366502167058,2.17201874629418,2.2790854014953292
2003-04-01,Pi_bar_trend,1.8359418263302938,1.935889154952709,2.0447357362822722,2.1504222008729865,2.2560222701135713
2003-07-01,Pi_bar_trend,1.8498443344354334,1.9654929085990172,2.0744122989153033,2.181460259596785,2.2845099738660375
2003-10-01,Pi_bar_trend,1.853405644918176,1.9601692209444577,2.0680858313164237,2.1799694923582584,2.287309898593562
2004-01-01,Pi_bar_trend,1.8478902529119168,1.9492701050328332,2.0562425685943757,2.1646174177180346,2.274351833993286
2004-04-01,Pi_bar_trend,1.8501397337177077,1.9587598165854656,2.0676585259601086,2.1771504700529682,2.2787659376106864
2004-07-01,Pi_bar_trend,1.831639725068065,1.9355389042123297,2.0423401427550187,2.1477044714893068,2.2511993969810242
2004-10-01,Pi_bar_trend,1.8104926317695231,1.9105692564607968,2.0124788421072046,2.114309019212247,2.216134129315775
2005-01-01,Pi_bar_trend,1.7694115881104286,1.869473177659911,1.97417071135762,2.072301659262734,2.1767309750813157
2005-04-01,Pi_bar_trend,1.7638316347274186,1.866870740388302,1.964814587442199,2.0610623459587005,2.151108352781747
2005-07-01,Pi_bar_trend,1.7486906351868015,1.844786408243237,1.9448784524119562,2.044486094432387,2.1325488086770834
2005-10-01,Pi_bar_trend,1.7294936162009285,1.8270618426922312,1.9259061646411233,2.018001991916682,2.1112422793813526
2006-01-01,Pi_bar_trend,1.7200724869464037,1.809211367983884,1.9043555009530104,1.9981070431044639,2.089705663435816
2006-04-01,Pi_bar_trend,1.732430050630082,1.8287013634834997,1.9202647962568962,2.0113054906884478,2.0920927219959227
2006-07-01,Pi_bar_trend,1.7338963340017597,1.8259012774168484,1.9149078909784878,2.0075541067466167,2.0946357947468384
2006-10-01,Pi_bar_trend,1.7438290948012023,1.837072001525728,1.9333021756378164,2.0253382187677,2.1150651717164513
2007-01-01,Pi_bar_trend,1.7763670725618663,1.8683497533274247,1.9620607222018183,2.0548830262956574,2.1390536257686477
2007-04-01,Pi_bar_trend,1.80192052053687,1.8939165404152778,1.9888443184294256,2.079291410006144,2.170576904138223
2007-07-01,Pi_bar_trend,1.8705393432430277,1.961659367714673,2.054649886652306,2.1462101966262606,2.2310982595191247
2007-10-01,Pi_bar_trend,1.9163867956732676,2.008213413182542,2.0973087732547655,2.1875423075648563,2.276889402665928
2008-01-01,Pi_bar_trend,1.9703166677386061,2.0616426969160293,2.1529439167186877,2.2434589548733648,2.330746814619979
2008-04-01,Pi_bar_trend,1.9963425348915804,2.0930618491621895,2.1923263045623322,2.288865749408587,2.377771615195359
2008-07-01,Pi_bar_trend,2.020588244782437,2.1169157325327133,2.2158522638802816,2.31655736046014,2.4146507367319097
2008-10-01,Pi_bar_trend,2.0410074889877854,2.1385928493651454,2.2444372565282227,2.349164460884069,2.450515778378339
2009-01-01,Pi_bar_trend,2.1113983413725923,2.2135385690159968,2.3205560448091194,2.4264608831206167,2.53690198013408
2009-04-01,Pi_bar_trend,2.1566097029652673,2.2604794213171173,2.368733516072293,2.472933551260393,2.5722608405646095
2009-07-01,Pi_bar_trend,2.100431264133455,2.2038540379157117,2.305476723177591,2.411340684570036,2.5223220110762714
2009-10-01,Pi_bar_trend,2.0490132253541287,2.1443688296995944,2.2408884297465526,2.3463377284945945,2.45508854786015
2010-01-01,Pi_bar_trend,2.0218370779205914,2.1115284355887254,2.2142070660055477,2.3127904871279057,2.4248237508644865
2010-04-01,Pi_bar_trend,2.0050058268079307,2.0979253213908464,2.1955583703308097,2.2981631392546973,2.407128494723708
2010-07-01,Pi_bar_trend,1.9639312854816318,2.0583254224679464,2.1562952774695017,2.2543199013397093,2.3636233944674037
2010-10-01,Pi_bar_trend,1.9500565006764004,2.049624288271406,2.142607208350758,2.2465505111856956,2.3526364223412117
2011-01-01,Pi_bar_trend,2.012422583092874,2.1070487269602225,2.202631907983301,2.307248863519211,2.4106119843983507
2011-04-01,Pi_bar_trend,2.0587411744364723,2.1519588508479703,2.252638300152369,2.358511526315508,2.4644070129078726
2011-07-01,Pi_bar_trend,2.04019393827315,2.1359903700335887,2.2374201340417206,2.346938089965694,2.4538299502549537
2011-10-01,Pi_bar_trend,2.0021171813211684,2.1057211936348588,2.211092714193382,2.321199551343381,2.438257766373467
2012-01-01,Pi_bar_trend,1.9968401132189182,2.1052098333780114,2.2122047711642296,2.3282967218916677,2.4404800813463967
2012-04-01,Pi_bar_trend,1.9970665697610388,2.1036689245499436,2.2138165884839487,2.3258289323425667,2.4495271108117906
2012-07-01,Pi_bar_trend,1.9819201306758092,2.0882313369107828,2.2031478645414833,2.3201609915483457,2.440959183918607
2012-10-01,Pi_bar_trend,1.9297037949823195,2.032637354636755,2.147238140628229,2.265278126444436,2.385018562064648
2013-01-01,Pi_bar_trend,1.8716884230565565,1.9788913784235507,2.0863875414863804,2.2065233105466127,2.3341943183610745
2013-04-01,Pi_bar_trend,1.8553540080119033,1.953234810542141,2.057657044696455,2.1701398056990744,2.2912064648053043
2013-07-01,Pi_bar_trend,1.8709094672475466,1.9665769377182902,2.072854390193588,2.1807238065694503,2.2949944866499026
2013-10-01,Pi_bar_trend,1.8699594189256326,1.9666944496220131,2.0679716983420584,2.1764152444414315,2.2835267241949095
2014-01-01,Pi_bar_trend,1.8821673727648716,1.9783912180950591,2.0765635394454103,2.1811623734328105,2.2895857578710928
2014-04-01,Pi_bar_trend,1.8838881646107208,1.9779956941464065,2.0801233374870103,2.1838949466313595,2.2927729964157733
2014-07-01,Pi_bar_trend,1.8910836625130791,1.9835789563557717,2.0849791761693335,2.19068816933156,2.2981888590354087
2014-10-01,Pi_bar_trend,1.8924205816631692,1.9920431617350902,2.0935019707408618,2.2053897995544647,2.3146030394471047
2015-01-01,Pi_bar_trend,1.8875904822301164,1.9909411130708279,2.0989857991921173,2.213912508401938,2.323989022863856
2015-04-01,Pi_bar_trend,1.899825004506521,2.002041535772307,2.110827046003231,2.22959629544944,2.344234167605336
2015-07-01,Pi_bar_trend,1.8958522578017614,2.0009924105642205,2.106760161859486,2.223198739782916,2.333215791508617
2015-10-01,Pi_bar_trend,1.8749307334182528,1.979109917371268,2.092804554223548,2.2047706010546926,2.323829302992572
2016-01-01,Pi_bar_trend,1.8798762027785434,1.9852661378916874,2.0998322050066203,2.212506546114214,2.3383367526871695
2016-04-01,Pi_bar_trend,1.885092157875101,1.9864658344886352,2.097879708269726,2.2092272337768235,2.3368775320988626
2016-07-01,Pi_bar_trend,1.861318299808165,1.9709944301674476,2.079328260054868,2.191160557335868,2.3199739878624266
2016-10-01,Pi_bar_trend,1.895017479552484,1.9977749464928487,2.10315988622344,2.213408174334022,2.3300419483937076
2017-01-01,Pi_bar_trend,1.922945841623567,2.023581732849675,2.130628572833949,2.234039820256866,2.3419060570762724
2017-04-01,Pi_bar_trend,1.8972286675297358,2.0021882058478906,2.1064681859444856,2.2128819527326997,2.323397785548431
2017-07-01,Pi_bar_trend,1.8743011030265844,1.9706938049621714,2.0726273341427053,2.1787328760479454,2.284435194256374
2017-10-01,Pi_bar_trend,1.8566119387172078,1.9504990116514693,2.0522666732317556,2.156741221605703,2.2620038936306917
2018-01-01,Pi_bar_trend,1.8556094550202324,1.953848232511016,2.0479833027322787,2.1456128603632423,2.2441665558665855
2018-04-01,Pi_bar_trend,1.843171060896201,1.933592491799235,2.0284267192287113,2.128935852028947,2.2349975984210433
2018-07-01,Pi_bar_trend,1.8433801058327919,1.9307031376226689,2.0234595102810364,2.1182400756985413,2.2152800522097373
2018-10-01,Pi_bar_trend,1.8579549518242182,1.950913433493853,2.043876326524452,2.136916804966286,2.2364770626501755
2019-01-01,Pi_bar_trend,1.8562426067108135,1.9499389093182757,2.0425263353275662,2.1387514522934348,2.233551159900208
2019-04-01,Pi_bar_trend,1.8589238842778197,1.952488125246325,2.047848177486626,2.1506921615199124,2.2549257132996035
2019-07-01,Pi_bar_trend,1.841795348520722,1.9370904851555997,2.0435935064163675,2.149834821689344,2.261000040465808
2019-10-01,Pi_bar_trend,1.8320503486071829,1.9394758128218563,2.052672978929493,2.1675748620437765,2.2956214479926698
2020-01-01,Pi_bar_trend,1.7901192344273102,1.8972071358286189,2.0214457763318023,2.1469692523984274,2.281918376045398
2020-04-01,Pi_bar_trend,1.7447354851192796,1.8531688524185492,1.9722495368946622,2.1001270521066826,2.2347769124347363
2020-07-01,Pi_bar_trend,1.7477751877172756,1.861647059666791,1.9805551690895695,2.1108052514972746,2.245946947680107
2020-10-01,Pi_bar_trend,1.765819258470465,1.8792284663774634,2.002262458485072,2.128289771465315,2.267337936542119
2021-01-01,Pi_bar_trend,1.8111717965605216,1.9333298981275544,2.054287918601705,2.1896872885568013,2.3220474091572707
2021-04-01,Pi_bar_trend,1.8564846452995925,1.9638162553624576,2.088882559781397,2.2225609620552462,2.3587032939259234
2021-07-01,Pi_bar_trend,1.845084507230639,1.9726393364574508,2.101193853992364,2.2323026188142996,2.376248806002338
2021-10-01,Pi_bar_trend,1.87569013661548,1.9914178542955616,2.1214472015881194,2.255905290699988,2.396327461958257
2022-01-01,Pi_bar_trend,1.8461427858736823,1.966157923589436,2.092772548611637,2.2241238269430665,2.353998129737409
2022-04-01,Pi_bar_trend,1.9057235132223656,2.025496639474663,2.1503200576500068,2.275562329314915,2.4065075379990035
2022-07-01,Pi_bar_trend,1.937054897491272,2.050014434669077,2.1689360329955623,2.28953275799854,2.412297349085193
2022-10-01,Pi_bar_trend,1.9735273106156221,2.082694725058621,2.191952722203224,2.305996444335653,2.4191186619837626
2023-01-01,Pi_bar_trend,1.8463257220241194,1.94972518026521,2.052582257575797,2.161326050883106,2.271684954648354
2023-04-01,Pi_bar_trend,1.8417346622849757,1.9380992978483278,2.0408195918260756,2.144657021376883,2.2428872055526914
2023-07-01,Pi_bar_trend,1.862827943304009,1.9585778787960066,2.058551488280184,2.1579201624126907,2.2600404501412403
2023-10-01,Pi_bar_trend,1.8721380941952017,1.9690447227763908,2.068266962436053,2.1659840474723295,2.266844299678825
2024-01-01,Pi_bar_trend,1.8087628911881428,1.9083462958468365,2.007097796042122,2.1071344115788246,2.2046811884223514
2024-04-01,Pi_bar_trend,1.8396760232347567,1.9448431702834545,2.0444997672563976,2.140633512549465,2.2315231776191853
2024-07-01,Pi_bar_trend,1.8500386173870413,1.947332741124273,2.0440525252593615,2.144286636638075,2.2371047217716353
2024-10-01,Pi_bar_trend,1.8701693617649882,1.9723810530494659,2.076488282557886,2.179402295042174,2.278598460642094
2025-01-01,Pi_bar_trend,1.897293394032395,2.0077072549287145,2.11586107668893,2.2245390241200576,2.3244124633828958
2025-04-01,Pi_bar_trend,1.9190458366293088,2.0355898104172017,2.149337645768266,2.2666313944592678,2.3802448468753425
1960-01-01,R_bar_trend,0.4349732902425794,0.8872508392380769,1.35270299609878,1.813766190793733,2.2459524539450713
1960-04-01,R_bar_trend,0.41714526731208185,0.8914250075673654,1.346568291853102,1.8132040562964686,2.2428742193658744
1960-07-01,R_bar_trend,0.4207174132245265,0.8818979140971779,1.3478930107307205,1.8122365344684765,2.2518744506459525
1960-10-01,R_bar_trend,0.4190095842331494,0.8924463108807181,1.3594673715219663,1.8096529623686866,2.251695500683561
1961-01-01,R_bar_trend,0.4333847809129604,0.8982786530041861,1.3670403069461519,1.8101781958097913,2.257954182236431
1961-04-01,R_bar_trend,0.42963359080657104,0.8979512361286031,1.3701855313497304,1.8161599966917499,2.263143440148634
1961-07-01,R_bar_trend,0.4492560344371886,0.9091868267123743,1.378072439114573,1.8253338718449323,2.2655852997243553
1961-10-01,R_bar_trend,0.458648250510506,0.918326767007089,1.382551755353812,1.8267060091854246,2.2592417714881026
1962-01-01,R_bar_trend,0.4663217801315983,0.9255661549032806,1.387355497926223,1.8315972133641027,2.2618254488457468
1962-04-01,R_bar_trend,0.4755154923371511,0.9290983371826577,1.3873411874480608,1.8309831770343437,2.2531918716417145
1962-07-01,R_bar_trend,0.4763458376413261,0.9308991726770137,1.3942193628104267,1.835136455958936,2.2619876945482824
1962-10-01,R_bar_trend,0.4817517847162749,0.9330535831247487,1.3968113342907331,1.8311861106379173,2.2632126190184882
1963-01-01,R_bar_trend,0.4929432813151146,0.9431393450505017,1.4027207286232688,1.8389667446357192,2.2661092197133996
1963-04-01,R_bar_trend,0.5034831468506948,0.9516998427344755,1.4016052901355132,1.8447402048293875,2.258244296583349
1963-07-01,R_bar_trend,0.4980265664604687,0.9604954533714983,1.4042357529759715,1.8421973267091831,2.265799890225971
1963-10-01,R_bar_trend,0.5185077286978925,0.9635354489902467,1.4077899763566175,1.842828473289271,2.2742123009283604
1964-01-01,R_bar_trend,0.5119180686842597,0.9710181996065442,1.4149683173010374,1.8464278057796952,2.2654550089133525
1964-04-01,R_bar_trend,0.5241173750031399,0.9743836131599655,1.420559904596871,1.8497324092716343,2.27717181267813
1964-07-01,R_bar_trend,0.5319771501273958,0.9845406370246108,1.4236976621524242,1.85517960477166,2.26871573704233
1964-10-01,R_bar_trend,0.5458504799282153,0.9916916691368608,1.426081303020882,1.8642654816851727,2.2742652954680147
1965-01-01,R_bar_trend,0.5543206795550087,0.9968752786663688,1.4320649201703863,1.864508878535793,2.2744301435466117
1965-04-01,R_bar_trend,0.5580872120116528,1.0020320106626321,1.4378101967086179,1.8674700050507271,2.28139752878235
1965-07-01,R_bar_trend,0.5676156997376534,1.0116842750975237,1.4448593547091257,1.8677640048430306,2.2919972100622923
1965-10-01,R_bar_trend,0.5827000295155635,1.0238681327238353,1.451492657781404,1.877965874608347,2.2928838638789544
1966-01-01,R_bar_trend,0.6041170666074637,1.03558140910731,1.459813602365056,1.8912966589890134,2.29850988956772
1966-04-01,R_bar_trend,0.6022208708053787,1.0418267531234389,1.468576115717825,1.8944792368797367,2.3106678228554745
1966-07-01,R_bar_trend,0.6179552054018654,1.0487789327935866,1.4815539714243435,1.9055070860393364,2.3191852511794373
1966-10-01,R_bar_trend,0.6296507458310188,1.0635703886572758,1.4884434838111187,1.9151820194503524,2.3164375575564757
1967-01-01,R_bar_trend,0.6295810200671509,1.0689019789374672,1.4962786268607227,1.9204709022732127,2.32010284228853
1967-04-01,R_bar_trend,0.651562324508962,1.083312732224432,1.5081630771813086,1.9321942220526278,2.33415072596119
1967-07-01,R_bar_trend,0.6590141934326399,1.1026795154440363,1.5162742828071485,1.9397413174058036,2.3368554788199725
1967-10-01,R_bar_trend,0.6887265047583401,1.1053735748830646,1.534025380231795,1.9537660703040962,2.3481153556574808
1968-01-01,R_bar_trend,0.701966959681167,1.1193049414411689,1.5443404284918776,1.9567558757856136,2.3491989402022244
1968-04-01,R_bar_trend,0.7115437478582808,1.12928775124827,1.5533998119159438,1.962980155931793,2.3575140892052686
1968-07-01,R_bar_trend,0.7206788813640521,1.1334498740004926,1.5549141892716183,1.9744158957609572,2.366204448710722
1968-10-01,R_bar_trend,0.7482405587225602,1.145670465231658,1.569801350110836,1.9796642747783422,2.373572424419011
1969-01-01,R_bar_trend,0.7557392053686127,1.1623871813317816,1.5831650175789598,1.9969763753752603,2.3752588054295805
1969-04-01,R_bar_trend,0.7619375402568798,1.171079976143751,1.5864042207322298,2.006993337375284,2.3876716861437375
1969-07-01,R_bar_trend,0.7750460883931892,1.1822529626457043,1.5948219511983626,2.0108854701738417,2.39270617532431
1969-10-01,R_bar_trend,0.797959559717956,1.1944971315970925,1.609081508636583,2.0173202593711603,2.4029073253744637
1970-01-01,R_bar_trend,0.7932185597361158,1.209703945812395,1.6202911671300233,2.0307343364224124,2.413476949845586
1970-04-01,R_bar_trend,0.820794985902639,1.222191468441576,1.6325738574102486,2.041165085388238,2.4359543031544195
1970-07-01,R_bar_trend,0.830858574209309,1.227381325629291,1.6395681586531212,2.0420374102740824,2.4435391007909724
1970-10-01,R_bar_trend,0.8211529601471128,1.2351605261935215,1.6390547393373394,2.0410444992985237,2.4472381569935857
1971-01-01,R_bar_trend,0.8351831235242848,1.240259661794687,1.647500038861884,2.039787061930976,2.4407419346738166
1971-04-01,R_bar_trend,0.8396563909049369,1.2547584569969379,1.658603780268824,2.0472755220771375,2.454184808340411
1971-07-01,R_bar_trend,0.8476878801132252,1.2541960328230681,1.6719673024409227,2.059668930367302,2.4605656265978078
1971-10-01,R_bar_trend,0.8565578481087706,1.2679622169512872,1.678056184972519,2.0678737739962245,2.4597525940720626
1972-01-01,R_bar_trend,0.8718373640021463,1.2766477579952722,1.6845038958217677,2.0751428138425636,2.463934890064239
1972-04-01,R_bar_trend,0.8821527378046857,1.2825688263192052,1.697311572998683,2.0890023033849876,2.4604715801343087
1972-07-01,R_bar_trend,0.8904430888274603,1.2929721201844913,1.7069582651118418,2.090612824246965,2.4809525627383233
1972-10-01,R_bar_trend,0.8921607768658341,1.2996763811274603,1.712694148625278,2.0975740574156356,2.4894169317565447
1973-01-01,R_bar_trend,0.9077154626092487,1.3211689684458032,1.7324712176805044,2.1193091842067915,2.509130384124785
1973-04-01,R_bar_trend,0.9175476179582314,1.33258384355606,1.74021026069369,2.128321070202084,2.510366496159821
1973-07-01,R_bar_trend,0.9309466992281477,1.3492144650524365,1.7568010025754335,2.144413440189574,2.527115434792223
1973-10-01,R_bar_trend,0.9300224714013421,1.3479203821969763,1.7636707720495306,2.1441032561245956,2.5013291768749135
1974-01-01,R_bar_trend,0.9312020383143927,1.3524697766964227,1.764044238321877,2.1497819579201307,2.52673490217066
1974-04-01,R_bar_trend,0.9345475034407891,1.3560349731235286,1.770693294316307,2.1675867658483092,2.5342828633956946
1974-07-01,R_bar_trend,0.9434651316056667,1.3624179636537608,1.7792104749888704,2.1810025022476367,2.5509274460954714
1974-10-01,R_bar_trend,0.9327185381588213,1.3554210737896795,1.7783487792597519,2.1804684999738204,2.5451779783047312
1975-01-01,R_bar_trend,0.9197021073393706,1.3613760058882414,1.779744227886545,2.18971890110957,2.5585699669013002
1975-04-01,R_bar_trend,0.9436220322980685,1.3723903588820647,1.7936856950096867,2.19725046749519,2.5563759482460697
1975-07-01,R_bar_trend,0.942986505524861,1.374965532549723,1.7991579763839354,2.2013637245780933,2.5805525493819834
1975-10-01,R_bar_trend,0.9553293624014337,1.3801992407619335,1.8067088163670182,2.205274278173982,2.5754991856665925
1976-01-01,R_bar_trend,0.9573654885715547,1.3956854030453476,1.813662414170238,2.2092241840133195,2.5716377717235646
1976-04-01,R_bar_trend,0.976551209597706,1.4104089997210523,1.8231431130781466,2.2083531601047275,2.5893932133888846
1976-07-01,R_bar_trend,0.9808583927465615,1.4214455314555057,1.8297138924240863,2.2128155986971,2.6037179683577305
1976-10-01,R_bar_trend,0.9910040555408944,1.4147154434640796,1.8276685881566834,2.213488273454605,2.596333354165348
1977-01-01,R_bar_trend,1.002824953000565,1.423426976498364,1.837644224896827,2.220932989233222,2.6027209794172657
1977-04-01,R_bar_trend,1.0167329011066089,1.4321667944515872,1.8454707326531168,2.2355831056680953,2.603684220538591
1977-07-01,R_bar_trend,0.997704336417926,1.4378834635516238,1.8528747669774615,2.2360137975471335,2.6026571289321554
1977-10-01,R_bar_trend,1.0159115862878223,1.4422416872320136,1.863273042414271,2.249503613019099,2.6076175025457475
1978-01-01,R_bar_trend,1.0262464550905395,1.4533991138597857,1.8730060420585892,2.260796194539156,2.635773352871641
1978-04-01,R_bar_trend,1.0279351912776256,1.4548529588810009,1.8780894357422075,2.268777284801293,2.6537996250353637
1978-07-01,R_bar_trend,1.0385501546662808,1.4601263527433954,1.8911352119789293,2.2774818575209883,2.665248626546765
1978-10-01,R_bar_trend,1.0311906226244785,1.4624245815987287,1.8974000035709009,2.297655042205738,2.6790806172765786
1979-01-01,R_bar_trend,1.0138956667429166,1.466542844999039,1.9069309167561261,2.3067301432727016,2.7032746909111167
1979-04-01,R_bar_trend,1.0108348042468982,1.456226642796781,1.89888424477798,2.3049223215676355,2.703741328209922
1979-07-01,R_bar_trend,1.0092815117107958,1.4569653218796603,1.897701429425953,2.3128727867273597,2.720456024759479
1979-10-01,R_bar_trend,1.0235055416404735,1.4733861674258424,1.9222608178021754,2.348075754738686,2.752012451993241
1980-01-01,R_bar_trend,1.0459591601605585,1.4995193733181187,1.9506593810359252,2.3839049422905387,2.796963288917644
1980-04-01,R_bar_trend,1.0294648542033695,1.487438763325843,1.9411745560830302,2.3763148201422553,2.7781692615219553
1980-07-01,R_bar_trend,1.0300951928617912,1.4958119738505573,1.9481752557819179,2.3880120444434394,2.7993922466381433
1980-10-01,R_bar_trend,1.0392802587220449,1.5133428020088093,1.9769274411049256,2.4177913060336227,2.8576359818978663
1981-01-01,R_bar_trend,1.0348562593664878,1.5208933164439538,1.9874795857733614,2.441623258647886,2.8688872036687094
1981-04-01,R_bar_trend,1.0554776888581732,1.5377157621572402,2.008924520427062,2.4691674493098654,2.9004268069067694
1981-07-01,R_bar_trend,1.0809982055455358,1.564174029862936,2.0312704961203742,2.5030360532216362,2.9322033825049196
1981-10-01,R_bar_trend,1.09164711801527,1.5627494126852144,2.034693409976821,2.49793863416725,2.946245031157911
1982-01-01,R_bar_trend,1.1073130779754667,1.5843642871726837,2.0479798339437343,2.507910705206532,2.9466342480334062
1982-04-01,R_bar_trend,1.127140921983127,1.5921070322119892,2.0477774107839237,2.507489606674049,2.92827849931406
1982-07-01,R_bar_trend,1.1274017715537035,1.5833711738001017,2.037778537784385,2.492865858891844,2.904206280126907
1982-10-01,R_bar_trend,1.1113789629051358,1.5601095308599788,2.007717158473706,2.4603113414141013,2.8688317012316107
1983-01-01,R_bar_trend,1.11586081961888,1.5740995281755477,2.019974888180476,2.469527048159875,2.8748275744360017
1983-04-01,R_bar_trend,1.1142387393041415,1.5799141775881853,2.0307779138225817,2.472077887739299,2.874219084365389
1983-07-01,R_bar_trend,1.1494050218520933,1.5923105760378597,2.045626119767226,2.4929670216753097,2.9021556927474945
1983-10-01,R_bar_trend,1.15573818813271,1.595922139576533,2.0501389431446917,2.4956738290637777,2.9073628815995063
1984-01-01,R_bar_trend,1.1772052680490572,1.6020266895368336,2.06228404679719,2.4984019680270575,2.9116523273469443
1984-04-01,R_bar_trend,1.2026574741382046,1.631357944461926,2.079203610486297,2.520163347234932,2.933402547826227
1984-07-01,R_bar_trend,1.2139035413480601,1.6373269737778176,2.082353542826188,2.507343444319579,2.908732132230439
1984-10-01,R_bar_trend,1.2074971738524825,1.6255989091750986,2.069523309080846,2.4828041985447706,2.8698603932556237
1985-01-01,R_bar_trend,1.224769638181645,1.6282022456878742,2.0654215959291036,2.472145913937931,2.8624032005891866
1985-04-01,R_bar_trend,1.2147239149439375,1.6206108612696883,2.0578640255007103,2.4588678725155693,2.834055824881109
1985-07-01,R_bar_trend,1.2165951228480243,1.6122250297897103,2.0477686579029837,2.44652796351273,2.798780397086227
1985-10-01,R_bar_trend,1.2098392409071328,1.6017438628381342,2.038353465123648,2.4304184186066,2.8012219484246432
1986-01-01,R_bar_trend,1.1952196998604105,1.5904064428955145,2.0139138053951164,2.400821048965242,2.7619171723440084
1986-04-01,R_bar_trend,1.1945996200854838,1.5770665909646449,1.9922183428565468,2.3728515984833876,2.7182460411323546
1986-07-01,R_bar_trend,1.1851250730922296,1.5696765312366028,1.9855716520284339,2.3501837401528674,2.702174391264095
1986-10-01,R_bar_trend,1.1740960195524817,1.5691740361063413,1.9853135939842828,2.3517667301829284,2.6976930366476832
1987-01-01,R_bar_trend,1.1671534516975095,1.5649049093573024,1.9814357553580046,2.3390634314416783,2.6928670266621753
1987-04-01,R_bar_trend,1.179368556159907,1.5848796987300886,1.9951416794357457,2.3615494521805513,2.70740729057372
1987-07-01,R_bar_trend,1.191128707297289,1.588655151359834,2.0105277974423834,2.373811590800868,2.7143960531248195
1987-10-01,R_bar_trend,1.2047575052172856,1.6002176279236748,2.0170753394281027,2.3774201902215184,2.709819560453317
1988-01-01,R_bar_trend,1.2087521317388517,1.5923717262004713,2.001526630511453,2.363353680045624,2.6981130267074587
1988-04-01,R_bar_trend,1.2171470286858166,1.607096917737718,2.0033741692181315,2.3670061229921617,2.688688942465554
1988-07-01,R_bar_trend,1.239945939753396,1.612730269682797,2.0076768382845187,2.365392837925415,2.678634151922307
1988-10-01,R_bar_trend,1.247697058971724,1.615450761148842,1.999153218015883,2.360244688731678,2.6689288128124975
1989-01-01,R_bar_trend,1.2437560180720706,1.6137489789454709,2.0034262476499953,2.354978527636226,2.6673216027609556
1989-04-01,R_bar_trend,1.2436385872171065,1.6125214858030799,1.9952308796066118,2.341141784054228,2.6451262835695877
1989-07-01,R_bar_trend,1.2443845671047917,1.6105403936004856,1.990171071857198,2.3202336241969475,2.6213379897948847
1989-10-01,R_bar_trend,1.251361875674334,1.6107489766651704,1.9838952395399163,2.3177104535499713,2.601115147495755
1990-01-01,R_bar_trend,1.246428522839846,1.6194077378879888,1.990356390719859,2.316222455156142,2.6109260511601646
1990-04-01,R_bar_trend,1.2453838464269065,1.6228820342746384,1.9961958730938703,2.3215048216787513,2.6136644708135703
1990-07-01,R_bar_trend,1.2489042371604766,1.6241255976437432,1.9970062393040169,2.319767887022189,2.609481181710654
1990-10-01,R_bar_trend,1.2456399113433254,1.6214419171466874,1.9956779392140598,2.311668152259018,2.5940467700813405
1991-01-01,R_bar_trend,1.2390095784885993,1.6170187114450418,1.9886843247007562,2.3103840313937125,2.583875217331898
1991-04-01,R_bar_trend,1.246086775208181,1.619656413721243,1.9945640281142125,2.307088383682513,2.582185214746502
1991-07-01,R_bar_trend,1.2412268005792986,1.6184033402054678,1.9954392308389266,2.3016697364030465,2.576077023507702
1991-10-01,R_bar_trend,1.2459978617551313,1.610156231808923,1.9919876905525633,2.2956070440168697,2.55517829740399
1992-01-01,R_bar_trend,1.25458167348515,1.622445449765158,1.999650418925212,2.2889602331052976,2.5528141157154267
1992-04-01,R_bar_trend,1.2595116429411815,1.629238335265522,1.9973607922794216,2.286889552858584,2.553163832225031
1992-07-01,R_bar_trend,1.2530955451228298,1.6259553002471503,1.984208983811866,2.2707109073421634,2.533417914388718
1992-10-01,R_bar_trend,1.2516278025512702,1.6330901913613016,1.9826901858002406,2.25871498782877,2.5120149476838716
1993-01-01,R_bar_trend,1.2578752588759095,1.6290111971311465,1.9702800681314927,2.234849590263091,2.488964788519482
1993-04-01,R_bar_trend,1.2499433448725676,1.6163749311986748,1.9674327632120783,2.2373243701260632,2.479212715319527
1993-07-01,R_bar_trend,1.2495106320234326,1.6162802333540012,1.9652417034555483,2.2363145379703435,2.471337707005735
1993-10-01,R_bar_trend,1.2604806605752035,1.6317509539403932,1.9780939173155734,2.249354011862333,2.4821518405264773
1994-01-01,R_bar_trend,1.2698804543438535,1.6439205501517213,1.9931834106020008,2.2648652316537485,2.498756773951323
1994-04-01,R_bar_trend,1.2872629008182312,1.6612304102940667,2.0139685228624105,2.291861134210953,2.5249667814675854
1994-07-01,R_bar_trend,1.3091792359365184,1.6674034503420956,2.030040580435526,2.306955734579011,2.5362283088261655
1994-10-01,R_bar_trend,1.314504822201666,1.6785078323035283,2.04136520104179,2.3216247002737207,2.5481805949689083
1995-01-01,R_bar_trend,1.3163080653888253,1.6783760768273859,2.0417165245295936,2.325124789345303,2.5392059019814903
1995-04-01,R_bar_trend,1.3082502322975549,1.66386035806205,2.0268766959634332,2.3102791425960336,2.527278866713124
1995-07-01,R_bar_trend,1.3060531579411492,1.663472442750334,2.0283090473966263,2.3070711733882217,2.5245243257619876
1995-10-01,R_bar_trend,1.3038068281239432,1.660675689478456,2.0175672996919247,2.298162115770528,2.5248522436008094
1996-01-01,R_bar_trend,1.3032309082208244,1.6574561704844164,2.023466420951744,2.302451721011681,2.527564847297625
1996-04-01,R_bar_trend,1.3148825865263858,1.670975574723752,2.036763159853106,2.329141769909932,2.555047224335916
1996-07-01,R_bar_trend,1.3179956459662827,1.6690104081075416,2.0410455702473933,2.3377558500348328,2.576231216164419
1996-10-01,R_bar_trend,1.301229864473635,1.6616617399845695,2.038861184551935,2.338022489784407,2.5727077188882777
1997-01-01,R_bar_trend,1.2921802136018874,1.6691868929610112,2.042527669861398,2.3569688532778583,2.5793225459661437
1997-04-01,R_bar_trend,1.3146406259624448,1.6653659610230185,2.048833992787032,2.3607319749530276,2.595061417718907
1997-07-01,R_bar_trend,1.2992816227155508,1.6626637380835394,2.0445101393478695,2.356711592530236,2.577991512790852
1997-10-01,R_bar_trend,1.3043523783117184,1.6620575843577499,2.0408114594288533,2.347977384456571,2.569881714152027
1998-01-01,R_bar_trend,1.3069120703682036,1.6574519884200016,2.0393310300525553,2.3452964568250225,2.5687841579337936
1998-04-01,R_bar_trend,1.2917101372304214,1.649797005616025,2.0306618016222413,2.3384599926413654,2.566956522703973
1998-07-01,R_bar_trend,1.275196162534973,1.640667908494046,2.023084310785497,2.337661245313044,2.55584084111543
1998-10-01,R_bar_trend,1.2686879432956004,1.6388452432824112,2.02141574971204,2.328144130059427,2.5579674023980448
1999-01-01,R_bar_trend,1.27459079851405,1.6465392689231335,2.030420697106956,2.3324846207184504,2.560054653901097
1999-04-01,R_bar_trend,1.283505713444498,1.6512824447551768,2.03210863604905,2.3439495090524223,2.567977325703602
1999-07-01,R_bar_trend,1.289910541075574,1.6579447294461638,2.035784304927327,2.3472758111023677,2.580508509669566
1999-10-01,R_bar_trend,1.2958643195182589,1.6549564718924954,2.0351618933946365,2.3544988034611203,2.585778699771623
2000-01-01,R_bar_trend,1.2954728084082827,1.6505321125809491,2.0351245935406785,2.3533687203168414,2.5872723339790036
2000-04-01,R_bar_trend,1.28072052625252,1.6360848872025084,2.025028475178374,2.3380947872998576,2.566238468983543
2000-07-01,R_bar_trend,1.270434179231705,1.6314835332737179,2.0137722713860136,2.3254741777568477,2.560899162474267
2000-10-01,R_bar_trend,1.273378552618271,1.621114170239769,1.9984339394221582,2.3120773449504815,2.54709270089455
2001-01-01,R_bar_trend,1.2690777730620932,1.6157893613809917,1.9878475710556212,2.297096282479109,2.5293214013900776
2001-04-01,R_bar_trend,1.2714227604312627,1.6150447165560111,1.991032110294541,2.29242516925379,2.5335105694570568
2001-07-01,R_bar_trend,1.2564158918390205,1.6086516930950214,1.9871709370345212,2.290849355271937,2.5303661589211743
2001-10-01,R_bar_trend,1.2545225706127519,1.606994733681861,1.986626822107095,2.2927041508394304,2.5333918702013847
2002-01-01,R_bar_trend,1.2563745011048473,1.6031955126959456,1.992975969094297,2.2983479581376525,2.538309388906066
2002-04-01,R_bar_trend,1.2439301048005245,1.598395169170096,1.9854925877926366,2.2876833270833363,2.5208297580675727
2002-07-01,R_bar_trend,1.2421420188936125,1.590471498139042,1.9692207128749266,2.265067134765543,2.496063096709744
2002-10-01,R_bar_trend,1.2338607010442966,1.5863899635370735,1.9600852435796248,2.2549912388975653,2.4901288449692376
2003-01-01,R_bar_trend,1.2287184426226037,1.5799371166460587,1.9469920873495568,2.2436459676183538,2.477561135486586
2003-04-01,R_bar_trend,1.227509493121804,1.5696826067860283,1.9295284327491427,2.221685353024718,2.467896245788238
2003-07-01,R_bar_trend,1.2321472273946874,1.5664226836013342,1.9224126466608342,2.2095634149373637,2.458402706479732
2003-10-01,R_bar_trend,1.2313942576945844,1.5599788906986267,1.9104647195507551,2.1914920965872757,2.448178887141981
2004-01-01,R_bar_trend,1.2060515451672946,1.5485493244507964,1.8909974446834354,2.166977013487303,2.4144117612845193
2004-04-01,R_bar_trend,1.2183284444957505,1.5460176351466737,1.8799436490992194,2.1570642627497083,2.4070887662360114
2004-07-01,R_bar_trend,1.2066224349794323,1.5330420468119998,1.855834506539709,2.130095151215744,2.3872658170087573
2004-10-01,R_bar_trend,1.1830022820841668,1.5160559774550422,1.8268917999491672,2.1019288681321915,2.3745252780454598
2005-01-01,R_bar_trend,1.1681401265623064,1.4970690515948297,1.8028805456394956,2.076075103400053,2.3600389806977122
2005-04-01,R_bar_trend,1.149870927349486,1.4747173672152616,1.773659055483914,2.043986524215342,2.339948477851996
2005-07-01,R_bar_trend,1.1207172755195025,1.4548665574022537,1.7532826327584574,2.0275691544497145,2.3230059022782688
2005-10-01,R_bar_trend,1.1239960231597694,1.4411158314363721,1.739154543033192,2.008669037797313,2.3098731972357966
2006-01-01,R_bar_trend,1.1007871058948544,1.4252653701674738,1.717938224972852,1.995346346432077,2.2991663610120763
2006-04-01,R_bar_trend,1.092255891449504,1.417886755031734,1.7050048159144127,1.9832033228705863,2.2846692730884546
2006-07-01,R_bar_trend,1.0819586110824408,1.3955393599441892,1.683556971228909,1.9590907315512567,2.2698123658592873
2006-10-01,R_bar_trend,1.0587912901616754,1.3755420051096539,1.6667308866702646,1.9376922521055187,2.255714932173873
2007-01-01,R_bar_trend,1.0488091694515098,1.35454106096647,1.6418550422378269,1.9230746382726047,2.2425377476583432
2007-04-01,R_bar_trend,1.0321390215467592,1.343967239653149,1.6252767328364217,1.9040679909705431,2.2276093842119
2007-07-01,R_bar_trend,1.0186496464469401,1.3228774896807654,1.6046705128350254,1.886272170408321,2.2074712960819394
2007-10-01,R_bar_trend,1.0023062689054556,1.3037601895263238,1.5814581765093758,1.8619940495930836,2.1831903849351675
2008-01-01,R_bar_trend,0.9779934301037478,1.281625456474336,1.5624177528335992,1.8400549043113357,2.171929721797248
2008-04-01,R_bar_trend,0.9781087666330808,1.2637314180541686,1.539330897219219,1.8249885840586166,2.1504004553528184
2008-07-01,R_bar_trend,0.9626153923593848,1.246128700797414,1.5174496712060352,1.8061817675548306,2.132992273379455
2008-10-01,R_bar_trend,0.9417429983441753,1.2298138514826076,1.4992862695834501,1.7908684217465103,2.1385102649783154
2009-01-01,R_bar_trend,0.9199953275509747,1.1983680350081116,1.4758852679706427,1.769561851273311,2.1275428383785506
2009-04-01,R_bar_trend,0.9122196167507097,1.1811965424995452,1.4587333960188364,1.7543686926021298,2.1089509238003283
2009-07-01,R_bar_trend,0.892099965883689,1.163977808012454,1.434679585321216,1.7393230687022934,2.105513011352395
2009-10-01,R_bar_trend,0.8810469236860496,1.1383418573209316,1.4099693614675546,1.7186676639662988,2.0888793293162298
2010-01-01,R_bar_trend,0.8604990988116209,1.1197984832909185,1.393307213087833,1.71394046493337,2.0937401005828677
2010-04-01,R_bar_trend,0.8222140906677905,1.0904518379638017,1.3690643360609513,1.7003489701134935,2.08964546078771
2010-07-01,R_bar_trend,0.7876119192751524,1.0543466836005706,1.3379163155195726,1.6810838389330984,2.0701466838986176
2010-10-01,R_bar_trend,0.7660316289833831,1.030753337595237,1.3199941209828203,1.661231308474326,2.0542310794362
2011-01-01,R_bar_trend,0.7491279634526679,1.010512630036939,1.3053792776926754,1.654401020474616,2.0501796922594835
2011-04-01,R_bar_trend,0.7116643509507091,0.9838233712580406,1.2773167346584868,1.641640079334747,2.048443577526956
2011-07-01,R_bar_trend,0.6682979161218916,0.9385861325675735,1.2487282062053757,1.6119167845219204,2.0266421674462363
2011-10-01,R_bar_trend,0.6263720096537658,0.8984740918056302,1.2165560592596096,1.5985178457968932,2.028412365038936
2012-01-01,R_bar_trend,0.5896675697752897,0.8665964693886845,1.187989578492419,1.5897360685600066,2.0231474508100846
2012-04-01,R_bar_trend,0.5703681835724987,0.8386105768130231,1.1706549891017366,1.570208341753471,2.0101493522453615
2012-07-01,R_bar_trend,0.5367978980348048,0.8167421709436807,1.1551869380799618,1.550019519485367,2.006435939592516
2012-10-01,R_bar_trend,0.522534524383076,0.8015306342754706,1.136075360163253,1.5405179695837767,1.9854743667872006
2013-01-01,R_bar_trend,0.4917833259087056,0.7853575393623842,1.1283920020775713,1.5406819185489873,1.9960477808683497
2013-04-01,R_bar_trend,0.46952287784253716,0.7734502349487659,1.1166257709793717,1.5340302161614485,1.9996668844802894
2013-07-01,R_bar_trend,0.4723962258232264,0.7658050425774985,1.1153268518613952,1.5379112267462312,1.9925618884639538
2013-10-01,R_bar_trend,0.46813344372579047,0.7501149400617741,1.1011011286996666,1.5286384297307074,1.9875840437730428
2014-01-01,R_bar_trend,0.4554468664186077,0.7302540988173365,1.087749612927788,1.5235495040467448,1.9831385092357448
2014-04-01,R_bar_trend,0.4210796939119525,0.71213163971081,1.0726955182746392,1.5149941408435679,1.9734001250793993
2014-07-01,R_bar_trend,0.39788717274506863,0.6910576868775005,1.061884506156409,1.506065372769377,1.9849284304086887
2014-10-01,R_bar_trend,0.38279300687947654,0.6729635047023168,1.0377908802713998,1.4946139474066054,1.9799958562813411
2015-01-01,R_bar_trend,0.3596828186965567,0.6535330479297384,1.025168590090366,1.4863636238728486,1.957364779330913
2015-04-01,R_bar_trend,0.35376673759394506,0.6358479943213131,1.0199478946096014,1.4814428981368024,1.965886853206554
2015-07-01,R_bar_trend,0.3412128014087578,0.6178054458351984,1.0115036314217367,1.4725895938753413,1.9564715886862905
2015-10-01,R_bar_trend,0.3214429898840002,0.597791691947209,1.0012789301125382,1.4757447681002465,1.9478701967025822
2016-01-01,R_bar_trend,0.2969763419068669,0.5763669142155796,0.986821855825811,1.4639863559545727,1.9443034557852779
2016-04-01,R_bar_trend,0.276948201565293,0.5554118312597597,0.9701519447953681,1.4577542913236656,1.9278253846253304
2016-07-01,R_bar_trend,0.26486545537640027,0.5391961032748837,0.960568972410244,1.4455731221763783,1.919186074029962
2016-10-01,R_bar_trend,0.2673401507566725,0.5433883316911674,0.9621906697832077,1.4507311744988225,1.9298055953014013
2017-01-01,R_bar_trend,0.2589937482082175,0.5348471756563665,0.9627958579462319,1.4487558209148013,1.9410446480115189
2017-04-01,R_bar_trend,0.24128887513526584,0.5219341180903773,0.9546474088265537,1.448762268810589,1.9191955107969219
2017-07-01,R_bar_trend,0.2244341872308468,0.5051304447195173,0.9492584041681297,1.4448885592445895,1.8963319026583212
2017-10-01,R_bar_trend,0.20160386854913526,0.4820499713638572,0.9381991842464388,1.4419314185261338,1.9156260326192112
2018-01-01,R_bar_trend,0.19662708395896603,0.4699925677571364,0.9332492421460705,1.4493785868126436,1.9124366612980495
2018-04-01,R_bar_trend,0.16582683577112067,0.4443370323640379,0.9263977161533429,1.4462656940086165,1.9031851747739505
2018-07-01,R_bar_trend,0.13456947832895194,0.4184104796630943,0.9184395041989115,1.444058972227201,1.8994447187566488
2018-10-01,R_bar_trend,0.09473658818398964,0.3986156903000593,0.9171097887373113,1.4429448628493196,1.9032808236172027
2019-01-01,R_bar_trend,0.06076227330484674,0.35710184733032274,0.9037518750407899,1.4310553905747472,1.8817242183290128
2019-04-01,R_bar_trend,0.012276805636334919,0.31425112814290507,0.8864143237892326,1.4125274660039069,1.8851347265440581
2019-07-01,R_bar_trend,-0.028691798346441498,0.2686460346752232,0.878990685007872,1.4065351167718512,1.8809472220645502
2019-10-01,R_bar_trend,-0.07570173075332115,0.23495530455839622,0.8707998418410495,1.4007299563688818,1.8770970119427055
2020-01-01,R_bar_trend,-0.11337464462997279,0.1927979199145203,0.8628144415849955,1.3947958469172832,1.8786095387886323
2020-04-01,R_bar_trend,-0.1300089858865214,0.180728390595626,0.8520757612050889,1.3837102615553183,1.8632164847403787
2020-07-01,R_bar_trend,-0.13021286900512824,0.17580536442249478,0.8514048985572655,1.386463931923315,1.862620164135537
2020-10-01,R_bar_trend,-0.146272644450933,0.18176873696024115,0.8574108526836712,1.3873094581791854,1.8653852747900879
2021-01-01,R_bar_trend,-0.13997311031460916,0.18000700479905926,0.8544270540818824,1.3943162436957777,1.8741785352528602
2021-04-01,R_bar_trend,-0.12015185319565597,0.18717163255812194,0.8532316037543972,1.3902210659169922,1.8733105366167988
2021-07-01,R_bar_trend,-0.10118303132956788,0.191671741822526,0.8463655556795336,1.3853121511076718,1.8602768414924131
2021-10-01,R_bar_trend,-0.10818468155559595,0.20359062055687346,0.8507902909560593,1.384666003285129,1.855551169184438
2022-01-01,R_bar_trend,-0.08663737575093042,0.21939214022621692,0.8549064721622813,1.3863780281307223,1.8641473828391575
2022-04-01,R_bar_trend,-0.05395410047079104,0.24481879610209756,0.8650401872063179,1.4000498443053941,1.8727077577914366
2022-07-01,R_bar_trend,-0.041916985612661634,0.26414543613350944,0.871957359093718,1.401104733127752,1.8781463121956883
2022-10-01,R_bar_trend,-0.019420822313481582,0.28559340615327067,0.8796950593988571,1.4118611920233122,1.886096516727358
2023-01-01,R_bar_trend,-0.010745012191042782,0.2812304704678792,0.8817314838402467,1.4083206781266078,1.8723896444035193
2023-04-01,R_bar_trend,0.007840604142091897,0.30254811053793135,0.8819141441698659,1.4099731169468863,1.89744242895359
2023-07-01,R_bar_trend,0.03548821002839022,0.34227495234575445,0.888167189247883,1.422600138670485,1.9035175515523717
2023-10-01,R_bar_trend,0.07030563763139759,0.3735449230597317,0.8946545489944995,1.4308384079916754,1.9093990534942111
2024-01-01,R_bar_trend,0.0901892897178154,0.3866659822929076,0.896685333317117,1.4236895933159321,1.9114142162058942
2024-04-01,R_bar_trend,0.11549002668538208,0.4151384755917783,0.9049327675879245,1.436119721794207,1.9237279355406818
2024-07-01,R_bar_trend,0.12386001063257795,0.44414544103676606,0.9111669372857361,1.4339648028174017,1.9288905870828257
2024-10-01,R_bar_trend,0.13775962381541948,0.4657430724029648,0.9187618698365165,1.4360848807546114,1.9328424524764745
2025-01-01,R_bar_trend,0.1649529964138175,0.4898552895353512,0.9264029282774912,1.4444279348829618,1.9410931004568832
2025-04-01,R_bar_trend,0.17008939758602198,0.5013304839046998,0.9355804573040093,1.4574694548836147,1.9545781249836347
1960-01-01,Ts_bar_trend,0.2645664363467581,0.6428371079445091,0.9898484191076501,1.366349525132431,1.7465840144269842
1960-04-01,Ts_bar_trend,0.28650629447317266,0.6462818863683019,0.9933780774017906,1.3687307704174558,1.7508237032356988
1960-07-01,Ts_bar_trend,0.2856337739606023,0.6510523238920863,0.9946147987724142,1.3605048941664002,1.7382116662183686
1960-10-01,Ts_bar_trend,0.2866313223232079,0.6490460629989426,1.0001369000106475,1.3593550004230144,1.740189154362672
1961-01-01,Ts_bar_trend,0.29594489993693623,0.6535321521930049,1.0043474706652995,1.3621381943651305,1.7250359527993322
1961-04-01,Ts_bar_trend,0.30485122974934603,0.663223670585614,1.0068221620813895,1.3642519388856016,1.7276625462586503
1961-07-01,Ts_bar_trend,0.3140035535510563,0.6695006389437771,1.0107878005196158,1.3679525985769754,1.732910802103896
1961-10-01,Ts_bar_trend,0.3195288338498989,0.671902246092563,1.0180992636356523,1.3669530388757194,1.7250835732676653
1962-01-01,Ts_bar_trend,0.3288516443981762,0.6737098869115831,1.0200415681094452,1.3646471216323446,1.7238069590170237
1962-04-01,Ts_bar_trend,0.33084790278086385,0.6734939578123978,1.015792118564373,1.3626507299083854,1.7290416280221994
1962-07-01,Ts_bar_trend,0.33293299717046754,0.6824111623239731,1.015211701003563,1.363941099937095,1.730830644652158
1962-10-01,Ts_bar_trend,0.349191382762149,0.6830247130466276,1.016534790399578,1.3584221374635865,1.7222202433380775
1963-01-01,Ts_bar_trend,0.36331378575598294,0.6884561734152194,1.0207930030700438,1.3650525932026827,1.7253472171827389
1963-04-01,Ts_bar_trend,0.3662072377262551,0.6977984768528063,1.0263652998647743,1.3648757521175614,1.7199322108559991
1963-07-01,Ts_bar_trend,0.3763656037784654,0.6961235741617426,1.031750740438321,1.3643945636534935,1.732330762163123
1963-10-01,Ts_bar_trend,0.3917787534163795,0.7058013135913473,1.0385139960228555,1.3688277412825431,1.7164322100949336
1964-01-01,Ts_bar_trend,0.3892858764652311,0.7095252379912943,1.0448773323457474,1.3710982745245897,1.7212429027033047
1964-04-01,Ts_bar_trend,0.39591622534958665,0.7191189131244471,1.0538596809989733,1.3764157613841694,1.72585769982296
1964-07-01,Ts_bar_trend,0.4054806520238972,0.7255498773433259,1.0581608728589948,1.3775162247860653,1.7292234650739104
1964-10-01,Ts_bar_trend,0.4215974713351523,0.7337253746025854,1.0643763445869412,1.3800593057593018,1.7324780653302605
1965-01-01,Ts_bar_trend,0.4130934701975743,0.7450470273338635,1.0671582427903459,1.3851969248607294,1.7423723162838665
1965-04-01,Ts_bar_trend,0.4372139981371226,0.7545732102879357,1.081644932283945,1.3963243652274897,1.7365088620380664
1965-07-01,Ts_bar_trend,0.4546026838869617,0.7648237823453362,1.0911016645811138,1.40404800896507,1.743205431709126
1965-10-01,Ts_bar_trend,0.47223146313990205,0.783874884099186,1.1043454621145012,1.420493042822628,1.7556194126849987
1966-01-01,Ts_bar_trend,0.4876256281075811,0.7957689170813539,1.1154161949165995,1.431171308996543,1.7722904913404962
1966-04-01,Ts_bar_trend,0.4934173131524366,0.8083523554899197,1.1321149993913797,1.4407922779175861,1.7747332693167812
1966-07-01,Ts_bar_trend,0.5210914259440784,0.8324653862102571,1.1447647818422204,1.4518176113976922,1.7854266420911062
1966-10-01,Ts_bar_trend,0.5489801765949536,0.8427885804505901,1.1512787603230352,1.4663782618754497,1.7999265184672117
1967-01-01,Ts_bar_trend,0.5609880336084054,0.859741208786386,1.1651714664358885,1.4775639537086467,1.8055707758831518
1967-04-01,Ts_bar_trend,0.58430838763259,0.8861553401684557,1.1963832443448605,1.504377826603874,1.8188410044888765
1967-07-01,Ts_bar_trend,0.5982500570494567,0.9060784436923092,1.2144789660777742,1.5226190063242067,1.8429098635843701
1967-10-01,Ts_bar_trend,0.6356777664106307,0.9268455514005695,1.2389347057989355,1.5497659085958289,1.8715046574929335
1968-01-01,Ts_bar_trend,0.6550168928127105,0.9432751028128026,1.2458071627096616,1.5660132971970144,1.8895414587917116
1968-04-01,Ts_bar_trend,0.6714542027902717,0.9644170153862361,1.2622854598370155,1.5756869650661751,1.887774750155956
1968-07-01,Ts_bar_trend,0.688706681120625,0.9722831912655554,1.275918417105715,1.5878114709958764,1.896913776433849
1968-10-01,Ts_bar_trend,0.7129665164173874,1.0029435626294898,1.2985069050866185,1.6042795274404793,1.912091562075941
1969-01-01,Ts_bar_trend,0.7250955771938116,1.0268441848365295,1.325717139037375,1.6328964578160499,1.9368440911794205
1969-04-01,Ts_bar_trend,0.7542993494773108,1.0423079799196533,1.3411613717471098,1.6480050009469962,1.9610415396137644
1969-07-01,Ts_bar_trend,0.7758349165090649,1.0627314106516421,1.3570103994438516,1.6613128999111881,1.9757672146475267
1969-10-01,Ts_bar_trend,0.7970631461038834,1.0913071912333154,1.3762481992969966,1.6809336926883194,2.0041341549692873
1970-01-01,Ts_bar_trend,0.8186932072460108,1.1116407426741741,1.396895372635973,1.7057070169079596,2.0210280718793134
1970-04-01,Ts_bar_trend,0.8535077710233463,1.1399531576944286,1.4212776353783516,1.7364503638742452,2.0513438879136094
1970-07-01,Ts_bar_trend,0.8665097586022658,1.1570170746495234,1.4403473495959542,1.7495175382206025,2.0694253104089286
1970-10-01,Ts_bar_trend,0.8854818361510338,1.161951942658482,1.4520202691428425,1.7537427307433242,2.0708496587995775
1971-01-01,Ts_bar_trend,0.9051955034793975,1.180089365572485,1.469002944670076,1.775131320295412,2.0871674059627203
1971-04-01,Ts_bar_trend,0.9167053884522262,1.1943449328646822,1.485632998683633,1.7905549274466706,2.1088675703561393
1971-07-01,Ts_bar_trend,0.9279379762284768,1.2089722645158387,1.5057098028657183,1.8070007253640776,2.1176589713952283
1971-10-01,Ts_bar_trend,0.9541036467751084,1.23601243030592,1.525872485929818,1.8333217471711234,2.145929477502383
1972-01-01,Ts_bar_trend,0.9803402498286424,1.2606017268727512,1.5511380081710953,1.8591622043968696,2.1821384029187754
1972-04-01,Ts_bar_trend,1.0063069180605464,1.2818914680521107,1.5731382220895505,1.8805772149746478,2.2000498803300204
1972-07-01,Ts_bar_trend,1.007762700797045,1.298339216097097,1.585972753399663,1.893924589577363,2.21192045564009
1972-10-01,Ts_bar_trend,1.0252949058627052,1.320489216300157,1.602991653525494,1.9116148075381485,2.2404868911478237
1973-01-01,Ts_bar_trend,1.0557012291926762,1.3545398694958246,1.6349439325580728,1.9487137367356497,2.2828762894558134
1973-04-01,Ts_bar_trend,1.0635993657440843,1.3626214184390557,1.64950028274221,1.9596851781394597,2.2870005701501297
1973-07-01,Ts_bar_trend,1.0876759153150954,1.3796052392600333,1.6671483079878098,1.9724210562963738,2.310378005609597
1973-10-01,Ts_bar_trend,1.1088335298785446,1.4005478763340438,1.6829259494841815,1.9905524145759672,2.319982806886282
1974-01-01,Ts_bar_trend,1.127771017273805,1.4194811391532227,1.7035328566196684,2.0182770789403874,2.3505270348316056
1974-04-01,Ts_bar_trend,1.1536531163079202,1.454570546373248,1.7368414701463444,2.0504255437365106,2.383273037964698
1974-07-01,Ts_bar_trend,1.179958615104013,1.477647000442969,1.7621686083429173,2.0767764662227726,2.405216514203787
1974-10-01,Ts_bar_trend,1.1892770638731247,1.4879934976692628,1.7736668041747257,2.0854280890067876,2.426946161731911
1975-01-01,Ts_bar_trend,1.2100749139718654,1.5069474347064595,1.793447831386244,2.105411473890308,2.4338072873461365
1975-04-01,Ts_bar_trend,1.2339856383240193,1.5326888831920233,1.8221095511424068,2.132934127073851,2.4738682441174276
1975-07-01,Ts_bar_trend,1.2452962827668785,1.545441640135498,1.8299844767350204,2.1384533981047134,2.486039221051916
1975-10-01,Ts_bar_trend,1.2556181572428835,1.5535483307241746,1.8442837222513129,2.1524135273390574,2.4782689835512155
1976-01-01,Ts_bar_trend,1.2557704709762618,1.5615483133312968,1.8518153818246221,2.1551817861654476,2.48410056970705
1976-04-01,Ts_bar_trend,1.2700103718654718,1.5679672412132022,1.860934233501963,2.162690529479637,2.4746487573805864
1976-07-01,Ts_bar_trend,1.2857644072565546,1.5750435572984365,1.86557214902282,2.160763480570246,2.4925330329365623
1976-10-01,Ts_bar_trend,1.2886291492101671,1.5854217015375822,1.8671222689158775,2.1638046985689225,2.485038241832158
1977-01-01,Ts_bar_trend,1.3002359213999783,1.5988335400603186,1.8845201537972565,2.1774756029449147,2.4829696355646305
1977-04-01,Ts_bar_trend,1.3272988778643486,1.6109982487984964,1.8920466900801498,2.1931988303212515,2.500897448024347
1977-07-01,Ts_bar_trend,1.339001770362418,1.619179686198541,1.9016781426643368,2.1976680028833293,2.514900766151377
1977-10-01,Ts_bar_trend,1.3402368651991368,1.63199881740676,1.9158425658719567,2.213086886159833,2.5314154526749055
1978-01-01,Ts_bar_trend,1.3689261102573422,1.6564469363525982,1.935524626011973,2.2340691096107896,2.5646505797773593
1978-04-01,Ts_bar_trend,1.383662305532086,1.6778117832115107,1.956511426409553,2.2593352232993045,2.573704298988609
1978-07-01,Ts_bar_trend,1.4093717196008337,1.6934677940944318,1.9684547154099004,2.270211053611613,2.585973201746864
1978-10-01,Ts_bar_trend,1.4147930013905288,1.7030619760371724,1.9825898359667,2.2866587850786515,2.584869264245908
1979-01-01,Ts_bar_trend,1.4283975460786225,1.7203740616598753,2.0010254478323777,2.307806909755355,2.6117803948192084
1979-04-01,Ts_bar_trend,1.4387178099304068,1.7245134588101954,2.0187731614925655,2.31529878785203,2.6348390966558486
1979-07-01,Ts_bar_trend,1.4557578622421459,1.738983893836664,2.0289890201830496,2.331173039718111,2.657613761114736
1979-10-01,Ts_bar_trend,1.462601701816296,1.767063941415464,2.0573646983085507,2.3657619452653025,2.692453193350328
1980-01-01,Ts_bar_trend,1.5055893822269313,1.8062071311723298,2.099849356624867,2.4083073697473876,2.7197887948395403
1980-04-01,Ts_bar_trend,1.510505571387413,1.812217706658139,2.1069944131255305,2.416561511702073,2.724661602694136
1980-07-01,Ts_bar_trend,1.5371194367361491,1.834265970031134,2.1371500789932445,2.442391411936826,2.757314104559658
1980-10-01,Ts_bar_trend,1.5487906065731165,1.8596194148746243,2.161166507986272,2.4737461783024557,2.7902264710451288
1981-01-01,Ts_bar_trend,1.555318966656181,1.8802805249984023,2.1842240735067673,2.501926048016011,2.808820622287072
1981-04-01,Ts_bar_trend,1.5898568790667014,1.9072438355210213,2.20933341183783,2.52343965542028,2.8457927989627185
1981-07-01,Ts_bar_trend,1.6288709627273423,1.9437263631541135,2.2422009826326543,2.5594382951311947,2.883709388846562
1981-10-01,Ts_bar_trend,1.654627904848576,1.9579192014988605,2.2603818849544175,2.5751794331586835,2.884277676318557
1982-01-01,Ts_bar_trend,1.6727256227734122,1.9699473227194733,2.2649276923632673,2.576191403834598,2.880874616421719
1982-04-01,Ts_bar_trend,1.6722271649947855,1.9715956043787959,2.2612071153069415,2.566304431601334,2.8668445009511467
1982-07-01,Ts_bar_trend,1.6865999793842261,1.9758008187080984,2.267972421364662,2.5640277442766015,2.862308996762496
1982-10-01,Ts_bar_trend,1.6626324847116376,1.9420087912398178,2.234462310351892,2.523296744175574,2.8113599790243646
1983-01-01,Ts_bar_trend,1.6735599867424362,1.9544036509764857,2.2414396387690805,2.527231191457726,2.818036233470404
1983-04-01,Ts_bar_trend,1.6793572531423209,1.9654646547310526,2.25044072194798,2.538194919284125,2.8265474167363474
1983-07-01,Ts_bar_trend,1.7044895998266745,1.9929682124821795,2.276115869600884,2.563614218828281,2.8492268640175986
1983-10-01,Ts_bar_trend,1.7199369543656104,2.0055209277122663,2.2866244260656314,2.5722838961215433,2.85887974370557
1984-01-01,Ts_bar_trend,1.7162129901645338,2.010217223835851,2.2937676565700693,2.5740327297458583,2.842651282370027
1984-04-01,Ts_bar_trend,1.7405668993183923,2.0327285631056977,2.313297638041327,2.5923816171276037,2.868249602484294
1984-07-01,Ts_bar_trend,1.733440778900037,2.0201655490533272,2.2954250626921,2.5687108459190653,2.8482658713950557
1984-10-01,Ts_bar_trend,1.718980069393574,2.002747650469706,2.2715346200719293,2.5423686804466827,2.813303110077649
1985-01-01,Ts_bar_trend,1.7262479189731321,1.9979990854063303,2.2660819157424297,2.530006599996137,2.8091984697193286
1985-04-01,Ts_bar_trend,1.7181941395599103,1.9849081178107444,2.253033886642643,2.5232179745960797,2.7786742635938673
1985-07-01,Ts_bar_trend,1.7156770051514023,1.975220255374814,2.241029169898894,2.5126919184337297,2.7632204883095515
1985-10-01,Ts_bar_trend,1.687436216835657,1.961060865410288,2.2253517922331296,2.489308063720862,2.7512522708085845
1986-01-01,Ts_bar_trend,1.6574981634900463,1.9278550151445197,2.1816702410951883,2.446994443646198,2.6908255114332786
1986-04-01,Ts_bar_trend,1.6260064827815435,1.899062900335179,2.1533287886848718,2.4158684262215546,2.674002460336515
1986-07-01,Ts_bar_trend,1.6218054607774808,1.88671964048657,2.145693604337311,2.408340266193432,2.647174602943488
1986-10-01,Ts_bar_trend,1.631208299891919,1.8859413939712253,2.1468579444666176,2.400772344820052,2.652839493571502
1987-01-01,Ts_bar_trend,1.6240427223885747,1.8854830514865413,2.1454451918032755,2.3976191374212634,2.654136399678063
1987-04-01,Ts_bar_trend,1.6423182807784338,1.9112271517337256,2.170533533384606,2.425493837957969,2.6783379253908213
1987-07-01,Ts_bar_trend,1.6628525986490128,1.9305000415694922,2.186847392318635,2.450687064545776,2.6928985119283597
1987-10-01,Ts_bar_trend,1.6716349370471169,1.9325843642353504,2.1904955373450723,2.4554933959359424,2.6942069063938034
1988-01-01,Ts_bar_trend,1.6617506796116117,1.9185546719800304,2.1813721381747984,2.4421250238590155,2.676942495058278
1988-04-01,Ts_bar_trend,1.6718449287367336,1.9243628271697673,2.185166392491755,2.443236661238367,2.6810391520405323
1988-07-01,Ts_bar_trend,1.6718206993160667,1.9154405836754385,2.179818306932682,2.4362483130743406,2.666775878787155
1988-10-01,Ts_bar_trend,1.6652450056810804,1.907194558209736,2.16943217039795,2.41819257179587,2.6532316631327735
1989-01-01,Ts_bar_trend,1.6562192143853849,1.896220438947591,2.1630645569520808,2.413077380344003,2.650661077662939
1989-04-01,Ts_bar_trend,1.635935991990408,1.8891228537526552,2.1521642951664193,2.402506170223345,2.629820635230127
1989-07-01,Ts_bar_trend,1.6190841622445618,1.878461121824724,2.1418921399475424,2.388188149456241,2.609185067041237
1989-10-01,Ts_bar_trend,1.606355457246115,1.8669374570746364,2.144353680493506,2.3861004800216024,2.609951773329651
1990-01-01,Ts_bar_trend,1.6201908420576145,1.877465216594565,2.154011570164148,2.3898223198222452,2.611074413257887
1990-04-01,Ts_bar_trend,1.639334584026008,1.8951430630227244,2.1647514879523264,2.408292916298289,2.6298723167109643
1990-07-01,Ts_bar_trend,1.6402118921473314,1.9045507300783897,2.1785525181667045,2.4174944111756607,2.6404912194509995
1990-10-01,Ts_bar_trend,1.6336815241299365,1.9059542839177437,2.1796135201180675,2.4195925993755454,2.640051353679693
1991-01-01,Ts_bar_trend,1.640692540234894,1.912404481229574,2.18668567182871,2.4217591969220855,2.636574399683573
1991-04-01,Ts_bar_trend,1.6507721287712487,1.9282272819855963,2.197708752095616,2.433618200802572,2.651456902889196
1991-07-01,Ts_bar_trend,1.6482403059010584,1.926237739112684,2.199029554956191,2.432073226527246,2.6487476766780076
1991-10-01,Ts_bar_trend,1.6438827711397417,1.9186294610908432,2.201851917779169,2.430324807371606,2.62725943246773
1992-01-01,Ts_bar_trend,1.6392015723628908,1.927949926030647,2.2115402415519405,2.440885651566673,2.6245697920390882
1992-04-01,Ts_bar_trend,1.638780187285139,1.9298545280426345,2.219947951537142,2.4460880902952944,2.6244277089074926
1992-07-01,Ts_bar_trend,1.6190163672545423,1.9067911347831359,2.2053841269179664,2.431886333132408,2.6184351718755297
1992-10-01,Ts_bar_trend,1.6111907614343934,1.8964227353801655,2.205242899831421,2.429649766533112,2.6119015275173236
1993-01-01,Ts_bar_trend,1.5877004656395823,1.874803199517821,2.189413240998695,2.4087251222018207,2.592735202636338
1993-04-01,Ts_bar_trend,1.5693183641924315,1.8680655139334568,2.1757722664493935,2.399672880526609,2.5786067948709324
1993-07-01,Ts_bar_trend,1.5623779947874012,1.8564038848239668,2.1578097710423383,2.3762102662429685,2.554141098362348
1993-10-01,Ts_bar_trend,1.5646629727962202,1.8695896186151488,2.1602867953176816,2.3744623464843366,2.552077386562385
1994-01-01,Ts_bar_trend,1.5838710704467636,1.8820476204947716,2.1660023923447946,2.3776023180603056,2.556238396623245
1994-04-01,Ts_bar_trend,1.594403304219848,1.8902762448326673,2.167321467783616,2.377763608637717,2.549503682132228
1994-07-01,Ts_bar_trend,1.6085954636640103,1.8956833696624025,2.1518951614115607,2.354394374124891,2.5269423787526017
1994-10-01,Ts_bar_trend,1.600896641959314,1.8884439394237151,2.135670306677124,2.327314504641919,2.4988631784759696
1995-01-01,Ts_bar_trend,1.590904456816642,1.8702334604393633,2.098495981176198,2.287284292587657,2.454225004182077
1995-04-01,Ts_bar_trend,1.5598267123070453,1.8334613008291438,2.056415920754468,2.239835703081662,2.4056156218274958
1995-07-01,Ts_bar_trend,1.5392420602598766,1.8043765975109602,2.024266391662065,2.204280825099626,2.3716731467034355
1995-10-01,Ts_bar_trend,1.5267952363832897,1.7777486371998725,1.9846766281048251,2.1612949642346124,2.3369227682879714
1996-01-01,Ts_bar_trend,1.5293654121579032,1.7637259946969501,1.9592680087764736,2.1381626474265527,2.3108805005397204
1996-04-01,Ts_bar_trend,1.534845042796237,1.7615475321454492,1.9517972342880856,2.127891665749512,2.302045321862137
1996-07-01,Ts_bar_trend,1.5314652959377881,1.7474050172966349,1.9312200405293074,2.108699615470551,2.285059688172967
1996-10-01,Ts_bar_trend,1.5065022009213327,1.7218522324015784,1.90159984020692,2.080887012823002,2.270071519370135
1997-01-01,Ts_bar_trend,1.504592955793774,1.703180789388218,1.8840644001435134,2.067682171625508,2.2663524490378704
1997-04-01,Ts_bar_trend,1.4829858115502195,1.6806557916867901,1.8601933248006175,2.0484979265740884,2.2459672029850446
1997-07-01,Ts_bar_trend,1.4555921209230642,1.6409212505215904,1.8227552973801255,2.0156617148353204,2.224301827073493
1997-10-01,Ts_bar_trend,1.4130862361958185,1.6007974808682368,1.7817864195439057,1.9781467611814645,2.209999006343399
1998-01-01,Ts_bar_trend,1.3799942763032547,1.5643361878544124,1.7459415514338332,1.9479291328203299,2.1879949887156456
1998-04-01,Ts_bar_trend,1.3571943568475864,1.5399921595003014,1.7223158494985122,1.9298414349260415,2.186595859209375
1998-07-01,Ts_bar_trend,1.3382046657254496,1.513628432945487,1.700007997077266,1.9142204368807523,2.186246253306007
1998-10-01,Ts_bar_trend,1.3244799447489655,1.4993088522646556,1.6843259429692274,1.905654051200504,2.1760204248605883
1999-01-01,Ts_bar_trend,1.3177797619876772,1.4874522307464493,1.6758722593884667,1.9010807979768605,2.1776202238295754
1999-04-01,Ts_bar_trend,1.311825950347656,1.485297563801001,1.6774274328307934,1.9066654946783936,2.1875454525356517
1999-07-01,Ts_bar_trend,1.3043137485800562,1.4794346400829659,1.6748550154526947,1.9069396826380622,2.2063971880445963
1999-10-01,Ts_bar_trend,1.2958347289988972,1.4727151544423471,1.6700928852120787,1.9098289342087633,2.209192186775209
2000-01-01,Ts_bar_trend,1.2759695471689654,1.4622862219508177,1.654682858082103,1.9017688647613926,2.1999855406497577
2000-04-01,Ts_bar_trend,1.264063531864412,1.4451464974536101,1.6413754815859523,1.8900950295290295,2.1934911097717675
2000-07-01,Ts_bar_trend,1.2518107167117665,1.4296576761538025,1.6240455165286813,1.8753218449007043,2.188139628018597
2000-10-01,Ts_bar_trend,1.2308861223438312,1.4170065517657982,1.6121424949876493,1.865666095997028,2.1755880538229966
2001-01-01,Ts_bar_trend,1.227240866486955,1.4081311848283964,1.6053939459435618,1.8624466846085757,2.1593162523386917
2001-04-01,Ts_bar_trend,1.2366505974194058,1.4195559278879615,1.616158039251624,1.8800516607608362,2.1829859186136904
2001-07-01,Ts_bar_trend,1.2343099357383676,1.429188446904825,1.6251206296568366,1.8865671446907204,2.20173340494978
2001-10-01,Ts_bar_trend,1.235363366809162,1.430272120341362,1.6348986161613897,1.8972502719120103,2.2177868386992308
2002-01-01,Ts_bar_trend,1.2530181177515671,1.441748373873837,1.6485927177366346,1.9124044865212573,2.231008653924549
2002-04-01,Ts_bar_trend,1.2498628847455222,1.431702501222268,1.6422328880813857,1.913116442570975,2.2202224151891543
2002-07-01,Ts_bar_trend,1.2138410492100318,1.4051666593643442,1.6161198267446206,1.8911473752284604,2.205949895322674
2002-10-01,Ts_bar_trend,1.1987840348178342,1.3854545923247181,1.5906822793263093,1.878261891838906,2.18674562263256
2003-01-01,Ts_bar_trend,1.1765804967404,1.3630195168824049,1.5690163296767343,1.8696777682514625,2.1780450287051116
2003-04-01,Ts_bar_trend,1.1529987578288332,1.337321211807526,1.5482046723611806,1.8464845772030267,2.167868676219546
2003-07-01,Ts_bar_trend,1.1481959326313,1.3380191043114091,1.548161140803882,1.845777004630168,2.1713481884057217
2003-10-01,Ts_bar_trend,1.1321150446458832,1.323428665891511,1.5330687773202298,1.8310614264678475,2.1548285433579526
2004-01-01,Ts_bar_trend,1.1141421324991192,1.2958259671915806,1.5089747898979797,1.8038849109047346,2.123880876200045
2004-04-01,Ts_bar_trend,1.093191464582257,1.280903542233775,1.4897183826551035,1.7890980903948739,2.117557763742768
2004-07-01,Ts_bar_trend,1.0576275829521744,1.2475265955318915,1.4511918249516342,1.7551023120324534,2.0783117821188783
2004-10-01,Ts_bar_trend,1.027953877620184,1.2017973902930064,1.4051201326852003,1.7091399025505174,2.0302147071742627
2005-01-01,Ts_bar_trend,0.9921059494476527,1.1537492439151638,1.3611841911282874,1.6716013082621857,2.009000203693572
2005-04-01,Ts_bar_trend,0.9417720610794911,1.1147603615806736,1.3219327713851232,1.6443023544292372,1.965227888451836
2005-07-01,Ts_bar_trend,0.9034179224014759,1.0761592030372182,1.2829914231082111,1.6154347930959094,1.9388749433235082
2005-10-01,Ts_bar_trend,0.8749226189703678,1.0490580287556455,1.253228502801242,1.6033914234006779,1.9296047941538272
2006-01-01,Ts_bar_trend,0.8383088849703476,1.007354492558771,1.215855776940344,1.5730329180983427,1.9055880512834666
2006-04-01,Ts_bar_trend,0.8207590926396537,0.9874602778506312,1.1975964063084066,1.5612636047227966,1.8939224532933132
2006-07-01,Ts_bar_trend,0.786991761854276,0.9593501120850587,1.1699894270614994,1.540062487710054,1.8685976362211478
2006-10-01,Ts_bar_trend,0.7562187254324709,0.9333931014331532,1.1417180265781866,1.5193165753334517,1.8558180614939817
2007-01-01,Ts_bar_trend,0.7294491174723549,0.9106714820808169,1.1190112842054252,1.5020092659821096,1.8368157304824404
2007-04-01,Ts_bar_trend,0.7198943006993539,0.8979627807067576,1.1080309627488272,1.4974077315293777,1.8245838177816862
2007-07-01,Ts_bar_trend,0.7191515105103029,0.8935374831045779,1.1064108164699091,1.4938078584952714,1.8354129632649023
2007-10-01,Ts_bar_trend,0.7104062986045805,0.8823949369714359,1.0937667623156073,1.4816633948578202,1.8206143933243875
2008-01-01,Ts_bar_trend,0.7087064272180604,0.8759821397395157,1.0923162133664956,1.4748979713356916,1.8128553725254677
2008-04-01,Ts_bar_trend,0.7124639887712118,0.8790446202702972,1.0946581170360221,1.4704414102222265,1.80447133324426
2008-07-01,Ts_bar_trend,0.7081101911100295,0.8823139500994582,1.0931643200714818,1.4578721260650922,1.788846737114326
2008-10-01,Ts_bar_trend,0.7161536064886502,0.8885269031991934,1.0947362734231196,1.4537825419011268,1.7749995329319541
2009-01-01,Ts_bar_trend,0.6991491615509734,0.8742649808207044,1.0861298464005866,1.4363829008961635,1.7696082595941256
2009-04-01,Ts_bar_trend,0.6866400804974953,0.8724707366581819,1.08403575589696,1.4174362194960588,1.7602640269800347
2009-07-01,Ts_bar_trend,0.6772907383519748,0.8548708489512239,1.0697866950175383,1.4010592269599926,1.7400192600419193
2009-10-01,Ts_bar_trend,0.6626468732500519,0.8405566064019002,1.052496175807909,1.3811056237474348,1.7223799447599142
2010-01-01,Ts_bar_trend,0.6493931927657555,0.8381403138244646,1.0426621205224922,1.3686810691034257,1.7118301854445175
2010-04-01,Ts_bar_trend,0.6200641761786254,0.8149539341312902,1.0242842354781314,1.3399814282553213,1.6900025487320394
2010-07-01,Ts_bar_trend,0.5849541465302397,0.7762918422815253,0.9910793797123032,1.3104543100217114,1.6594915274864597
2010-10-01,Ts_bar_trend,0.5661616508838998,0.7537490920221424,0.974974581634199,1.3000805515222895,1.643422600308085
2011-01-01,Ts_bar_trend,0.5554647709271643,0.7396190756855433,0.9617945977179854,1.2876966595918946,1.6380648997290994
2011-04-01,Ts_bar_trend,0.5146461554054133,0.70706258494624,0.9331570162035969,1.2645278171173193,1.6099221699222466
2011-07-01,Ts_bar_trend,0.47340617102727955,0.6654883120572461,0.894086542313547,1.2332227167487164,1.5836349495740398
2011-10-01,Ts_bar_trend,0.4247558556352296,0.6263408151845268,0.8586349580895367,1.201283617956355,1.5529692707397855
2012-01-01,Ts_bar_trend,0.3976163546870301,0.5985581082685545,0.8308987910787103,1.174040352187677,1.5214133895660504
2012-04-01,Ts_bar_trend,0.36879044732168853,0.5693780285132808,0.8066133143696753,1.1547955117055078,1.5139996416920085
2012-07-01,Ts_bar_trend,0.33909078594637526,0.5444927765068774,0.7822588349464907,1.1276346636257557,1.4955688009112835
2012-10-01,Ts_bar_trend,0.3198318130692377,0.5235729877350138,0.7621157150530087,1.1114744369156169,1.479708960820283
2013-01-01,Ts_bar_trend,0.3045390414985543,0.5078494950631711,0.7578783872961214,1.104312964827666,1.4648284502839866
2013-04-01,Ts_bar_trend,0.28379695164961527,0.49685384192186877,0.7389580150066857,1.0922880153317032,1.4576916825294652
2013-07-01,Ts_bar_trend,0.28130875863752797,0.4906770397559349,0.7332645667669044,1.0908498868306622,1.460109357454796
2013-10-01,Ts_bar_trend,0.273410616990073,0.4760513572726926,0.7207622338264109,1.0845483992467573,1.4566195892946179
2014-01-01,Ts_bar_trend,0.24574991083441086,0.46211856737975676,0.7042219243474078,1.0717734601182567,1.4308921677316524
2014-04-01,Ts_bar_trend,0.22782505191645291,0.43459563164915627,0.6826341109453301,1.0481747663502965,1.4124498284767393
2014-07-01,Ts_bar_trend,0.2050289484774913,0.41323382720941076,0.6623198259803003,1.0358099030535723,1.4016003973632167
2014-10-01,Ts_bar_trend,0.180835724386311,0.38040658093985935,0.6354444997091178,1.0226411867272105,1.375559877236723
2015-01-01,Ts_bar_trend,0.14921354005178888,0.35564093801973584,0.6105514269224275,1.0004820464955078,1.3620642556145648
2015-04-01,Ts_bar_trend,0.13557371217754757,0.339500369303006,0.5992572003267957,0.9920915009804941,1.347278313271847
2015-07-01,Ts_bar_trend,0.12369646220656544,0.32749924416743337,0.5821511760473954,0.9773340410764554,1.3395838965115605
2015-10-01,Ts_bar_trend,0.11517085276129818,0.31392802610433623,0.5716827716809265,0.9662878103542144,1.3224838123647409
2016-01-01,Ts_bar_trend,0.09217777292761545,0.2977349910032786,0.5550933779512663,0.9491504114762864,1.3096200285842532
2016-04-01,Ts_bar_trend,0.07585257290302956,0.28045669604082407,0.5425117607915141,0.9404248241721284,1.298094636340128
2016-07-01,Ts_bar_trend,0.06473534415418371,0.26790510804101747,0.5360056837795982,0.9319605341973908,1.29388082877096
2016-10-01,Ts_bar_trend,0.08269744338301861,0.28152788413034463,0.5392934270642797,0.9408383841105779,1.2939803561850103
2017-01-01,Ts_bar_trend,0.10167431532357626,0.2866165381430383,0.541778916570066,0.9376303434701042,1.2918929726039927
2017-04-01,Ts_bar_trend,0.08664341228825193,0.276413541275545,0.526691006315159,0.9227392940594211,1.2923022850217905
2017-07-01,Ts_bar_trend,0.06923257001116902,0.26461460157457534,0.5170333029216114,0.9119371642045669,1.276676477739758
2017-10-01,Ts_bar_trend,0.06599540698045583,0.2549388913072668,0.5045998351288337,0.8994810620573813,1.2571337185928488
2018-01-01,Ts_bar_trend,0.05911344205249729,0.2516952140537552,0.4993779946745382,0.8964980019809693,1.2547154886722398
2018-04-01,Ts_bar_trend,0.049539247990200055,0.24291006315890712,0.49015201047522533,0.8820449311738775,1.2408468327208597
2018-07-01,Ts_bar_trend,0.03655644535920578,0.23682616494254902,0.481303035327686,0.8698188429028683,1.2300465833110477
2018-10-01,Ts_bar_trend,0.026174474143500676,0.23374639819897558,0.4778736046366213,0.8605467928330182,1.2193974647517078
2019-01-01,Ts_bar_trend,0.023179783726828516,0.21922150622558,0.46098844040156056,0.8451361232638939,1.200191241036725
2019-04-01,Ts_bar_trend,0.004503432337159207,0.2030141756299058,0.4506547444960824,0.8260815389587216,1.1927304591316943
2019-07-01,Ts_bar_trend,-0.023173723620532573,0.1935321326225991,0.4390791405940557,0.8047732241039552,1.161692228605948
2019-10-01,Ts_bar_trend,-0.01619594884785067,0.19741380913880552,0.44688838938250264,0.7981400348612039,1.1570931369594926
2020-01-01,Ts_bar_trend,-0.01786761609462875,0.19161120576965662,0.44128397674650693,0.7841671721329113,1.1516057943180964
2020-04-01,Ts_bar_trend,-0.012580731735692735,0.19733081782608308,0.4489269738578316,0.7883070340665544,1.1497284771978855
2020-07-01,Ts_bar_trend,0.011270809589083983,0.22104924880473042,0.4662554842478276,0.7987965474171864,1.1599690714511273
2020-10-01,Ts_bar_trend,0.0414556004455201,0.24929630770851055,0.49281595778986653,0.8204824083691956,1.1600365833516186
2021-01-01,Ts_bar_trend,0.07451675753640766,0.2808948062877942,0.5222044177147473,0.8349818219569066,1.1882392153743355
2021-04-01,Ts_bar_trend,0.09909243005012935,0.30754752431570426,0.5486118278833614,0.850786591898858,1.1997647697977554
2021-07-01,Ts_bar_trend,0.12714626385251296,0.3343472008761198,0.5683772121418317,0.8633258474357566,1.2046202032125464
2021-10-01,Ts_bar_trend,0.14704382271690958,0.3627104252925407,0.5930471386722648,0.8770402441099377,1.2294251151035331
2022-01-01,Ts_bar_trend,0.1796005660868207,0.39666924347024285,0.6203818582785121,0.9008162299324166,1.2465464223332958
2022-04-01,Ts_bar_trend,0.23174718664383623,0.4446556772727303,0.6619445513397615,0.9275195542603003,1.2603655658527164
2022-07-01,Ts_bar_trend,0.2647250215278097,0.4753912597716259,0.6901446946955148,0.9464138805012005,1.2771779739628872
2022-10-01,Ts_bar_trend,0.28264636209337574,0.5017657969997811,0.7238261607847396,0.9740627409394875,1.2934380056875083
2023-01-01,Ts_bar_trend,0.3011453019567725,0.5154186649932289,0.7302931331908967,0.9787311873983198,1.2901671990042112
2023-04-01,Ts_bar_trend,0.31672984096884477,0.5373815334661204,0.7507218667401429,0.9954606383732891,1.305282036370724
2023-07-01,Ts_bar_trend,0.34577114325628805,0.5722513214401614,0.7845378776859042,1.0235316113868678,1.3444838496083058
2023-10-01,Ts_bar_trend,0.3719803675434786,0.6079449886014759,0.8186204569584331,1.0558453143733175,1.3673900329376698
2024-01-01,Ts_bar_trend,0.38733627969912504,0.6208947394830919,0.8308427711507365,1.0696285182988274,1.3630625143693649
2024-04-01,Ts_bar_trend,0.4136495031378866,0.6435942401113147,0.853938256036399,1.0993334844300093,1.3990711785435312
2024-07-01,Ts_bar_trend,0.4189765514361995,0.6489688379066848,0.867512614441249,1.1158392579995653,1.4225497694554237
2024-10-01,Ts_bar_trend,0.4403904282896243,0.6715205050061401,0.8930908601435549,1.1453383864174387,1.4540775545299653
2025-01-01,Ts_bar_trend,0.45662730729590034,0.6915498649099361,0.9183216794982211,1.1739673188483175,1.4887793639923081
2025-04-01,Ts_bar_trend,0.46166753239345476,0.7007208770545126,0.9313174835203346,1.194583805897714,1.5020248984780646
