Date,Pi_bar_med,Pi_bar_p2_5,Pi_bar_p16,Pi_bar_p84,Pi_bar_p97_5,R_bar_med,R_bar_p2_5,R_bar_p16,R_bar_p84,R_bar_p97_5,Ts_bar_med,Ts_bar_p2_5,Ts_bar_p16,Ts_bar_p84,Ts_bar_p97_5
02-Jan-1960,1.83121855633672,0.941120167068002,1.37499045405891,2.30461383603159,2.78167825530356,1.36852082028966,0.456327834701642,0.908912131486268,1.82985873938405,2.26658822157902,0.971195822329698,0.288639674680872,0.618445004554816,1.32308964845444,1.68878504051715
02-Apr-1960,1.82847451358789,0.925504717357011,1.3581940444122,2.2904554903867,2.75988395347294,1.36722461645165,0.463197675113554,0.910524540512434,1.83376196671317,2.26733399579588,0.977447989335375,0.293440407086436,0.619114854608968,1.32497602110772,1.67751412496326
02-Jul-1960,1.81158737102475,0.935673051869286,1.35251656332084,2.27732611985538,2.7498128056951,1.36495259585336,0.466955961464833,0.913665559698547,1.82738781352078,2.26384495221166,0.975968449829437,0.308229713807968,0.619526042525867,1.32164537912843,1.67372779650636
02-Oct-1960,1.81321437948306,0.932059056619774,1.36409643848738,2.28685041622219,2.74881603927108,1.37101164494579,0.475661189310986,0.917027370409781,1.83111353130532,2.27215775615196,0.978142697187344,0.323355665834799,0.627867599771686,1.3188967145795,1.66794101012007
02-Jan-1961,1.81155669331868,0.939193152451083,1.36280369667203,2.27798114831551,2.73863469494933,1.37704682577273,0.489130572991853,0.921375073987268,1.83038159829702,2.26488925492465,0.983249045357655,0.33243475844976,0.629164214997175,1.31956706019005,1.67046449987045
02-Apr-1961,1.81908839303877,0.94489252638766,1.36715964878844,2.26733546331539,2.74928189371803,1.37520564369472,0.486505803715,0.928123955471485,1.83363101410693,2.26784588145793,0.984580994039372,0.338542496543908,0.636799172223756,1.32550850399353,1.67122457676364
02-Jul-1961,1.8421514600455,0.971032426713153,1.3847695340668,2.27930549709205,2.74207145035113,1.38446185765508,0.500379041105698,0.931049302929025,1.83193723888031,2.27433763564146,0.989493380459686,0.337883052969203,0.642275731386581,1.32808290666051,1.6808599468521
02-Oct-1961,1.85378153925118,1.00341848085885,1.39731854163132,2.28937095217534,2.76427302375439,1.38915845309899,0.503135686080091,0.942137426475717,1.84009295101963,2.26147786847213,0.994774184252924,0.343460889766666,0.649472600170065,1.33437259052773,1.67637861346858
02-Jan-1962,1.86419338158298,1.00654670661824,1.41578324412745,2.30593366991643,2.75766824161585,1.385691021552,0.505853686839178,0.944102886302028,1.84310353684944,2.27361328784605,0.996597724698901,0.354601747994821,0.655142852742382,1.33080206750388,1.66987347905295
02-Apr-1962,1.85161654360604,0.996477709440819,1.41318654193792,2.30404868410004,2.76012253858709,1.38900210155666,0.516677912086021,0.949025131782041,1.844842309486,2.26630457152914,0.993168529160225,0.342963146124099,0.657211051823583,1.32857266854746,1.67685364459188
02-Jul-1962,1.86581648674624,1.03544041316125,1.42695708029383,2.31913209620142,2.76479963861572,1.39475390151251,0.532514834386562,0.95270722287826,1.84408293780732,2.27339531711462,0.998135237368078,0.353172512188112,0.656523960545125,1.33474850124429,1.66485242033145
02-Oct-1962,1.86751161268816,1.03922165130477,1.42770767029348,2.31553335752143,2.77073988868432,1.40019688199076,0.535715775584285,0.953913157042896,1.84550441501649,2.28161145615663,1.00169514613794,0.347763968070812,0.662316010928137,1.3336985046697,1.6705454466105
02-Jan-1963,1.87564617706103,1.0544316188509,1.44630195383345,2.32621681080851,2.77694196750488,1.40976028240896,0.538539473488132,0.963294535807152,1.85373315125965,2.28718277420762,0.999332029600707,0.360176216487361,0.665517328920537,1.33402116994051,1.69448872557742
02-Apr-1963,1.88919422209374,1.07658801268789,1.46962541040353,2.34042048707598,2.77500720995958,1.4073503121648,0.556469822374878,0.96823257005177,1.85757590057229,2.28572968624104,1.00811328762831,0.370714041009802,0.673418461695918,1.3328102493462,1.68661318914503
02-Jul-1963,1.89692195554464,1.1095117690599,1.49261420821011,2.34897751915824,2.79209809405745,1.41799471308358,0.560055404477805,0.968892197076179,1.85989221285031,2.27868725198923,1.01046212654814,0.364145285686164,0.672723286530928,1.33818668450197,1.6714197273765
02-Oct-1963,1.91883766243579,1.10870220662631,1.5063307630845,2.35732297299195,2.81126325353938,1.42021424358241,0.561402470805233,0.977906789359421,1.86851549229684,2.27745637994711,1.01619291046331,0.378108904606864,0.679208741609413,1.3365269822461,1.6687159792486
02-Jan-1964,1.93847964320994,1.1146983556098,1.53001739720223,2.36624713814859,2.80390053641384,1.42179490445142,0.571758709918174,0.989527152343828,1.86745396137847,2.27737539938245,1.02119741986988,0.390376476221189,0.683930470116666,1.34363840198272,1.6782419825139
02-Apr-1964,1.94784678571178,1.12901239250483,1.54917272925409,2.37674755528966,2.8154409920786,1.42652552222712,0.588961136922462,0.998534904200085,1.8709590023215,2.29023439848037,1.02268791308154,0.399641701520414,0.693272600557077,1.34704237250241,1.67329353551471
02-Jul-1964,1.96702209849142,1.15906373773515,1.57244149211682,2.38794575198168,2.82636821797706,1.43460966198102,0.585233159807306,1.01010880814567,1.87401571666875,2.2848277356804,1.03085950730395,0.403791876318211,0.703131312946786,1.35532162828447,1.67923113660276
02-Oct-1964,1.99778567811956,1.199538921773,1.59930098769519,2.39961490924169,2.83748809562425,1.44106082398519,0.606300561526713,1.02004838689844,1.88096051879677,2.3056131828707,1.03431203021509,0.430925003099447,0.700410008960866,1.35821046705773,1.68871416707971
02-Jan-1965,2.01749451460418,1.24614397748878,1.62984613095483,2.42414338118922,2.84715155787494,1.44659967251957,0.60161085283208,1.02736972261111,1.88764154176117,2.29824704376642,1.04274565841869,0.441064331895424,0.719644257871731,1.36590024613772,1.70153265391739
02-Apr-1965,2.04484923667157,1.27675917812454,1.66480800089748,2.450809670877,2.85892675998534,1.45353950079797,0.620729624965401,1.0319331641018,1.88629855167852,2.30598549603409,1.04999526204286,0.444618742959457,0.730359486751562,1.37503776044147,1.70192589480292
02-Jul-1965,2.07752957746092,1.30351855371889,1.70272668877577,2.4801227867384,2.8738309585331,1.46275949993892,0.627516635850376,1.03850004722196,1.88913262653055,2.3109682813843,1.05999057568096,0.451859561136774,0.745084373652916,1.38768192785747,1.70113575409745
02-Oct-1965,2.1228824660653,1.3710998215883,1.74846335498681,2.52286801500001,2.91592828857331,1.46944497775761,0.645007305406822,1.0455262032013,1.903703237171,2.32429342361092,1.07537496349291,0.475903216891478,0.759958678484671,1.39988334545335,1.72521026734822
02-Jan-1966,2.16935914132283,1.42431610195117,1.79777097587565,2.56071637654986,2.94215290241631,1.4826384001197,0.656486865975655,1.05598524424036,1.91579871893345,2.32847632135914,1.08596970828857,0.485098883985864,0.773684880071981,1.41272177913494,1.73002523565064
02-Apr-1966,2.21700813668598,1.47668215620327,1.85408226619476,2.59631702009088,2.98406328018599,1.4899313921054,0.670960967390612,1.06740771918221,1.92305536977306,2.3362134526434,1.10483722122862,0.511683905533781,0.789390853193761,1.42473769276126,1.73311020086628
02-Jul-1966,2.26410117932157,1.54572072105668,1.91341083263474,2.63583352934776,3.01883091510773,1.49787775322424,0.684039999017272,1.0814211258225,1.93598320043393,2.33385301380419,1.11966381252774,0.524494102401145,0.809546880824633,1.43904751082949,1.7564430854812
02-Oct-1966,2.29609478998643,1.58226967352564,1.94949066901165,2.65523674310813,3.04076312604914,1.50298958227357,0.67941623661061,1.08702746902792,1.93782806272182,2.3363776307209,1.13117020087459,0.550139214939139,0.820385436750654,1.44951477196546,1.76442521928623
02-Jan-1967,2.32528596430926,1.63730596523843,1.98156658919532,2.67492813095157,3.04730152447322,1.5162651635283,0.691157567800623,1.09679599413838,1.94281564894753,2.34565752891525,1.14565288790953,0.564555404265649,0.837930731229762,1.45603142607648,1.78230160783489
02-Apr-1967,2.38376652538788,1.69726573763213,2.04069163927122,2.72763229799578,3.08690534309912,1.52545041250187,0.707945368379951,1.10784295735898,1.9517421250538,2.35915760300749,1.17278903837098,0.582738803111226,0.865205214575951,1.47817228920077,1.80329621009521
02-Jul-1967,2.45550990189062,1.79257649316017,2.12661859414166,2.79537468984159,3.13476976742878,1.5357126461324,0.733136703465958,1.12201162922962,1.96616875409622,2.37921241609683,1.19174959838614,0.61537088915744,0.88838797017213,1.49932561179261,1.81869707141733
02-Oct-1967,2.52241329103692,1.87695710443933,2.20045651716539,2.86028802121713,3.2006231130037,1.55506945425669,0.742276833580932,1.14452665032665,1.98777638152829,2.39049158608011,1.21957859180088,0.646916479433119,0.916499934309383,1.52025270291482,1.84351144340802
02-Jan-1968,2.56248539284945,1.93716080005123,2.24365316386606,2.89452728266569,3.21397153156601,1.56243783793373,0.756437934396289,1.15143567877936,1.98606511429201,2.39846614499149,1.22941268588144,0.65911621475292,0.933968510904869,1.53207036314924,1.85576924155716
02-Apr-1968,2.61192959181475,1.99240108175549,2.29763471745126,2.93922644538782,3.25520930943283,1.57297941953002,0.75499740116962,1.15963681262237,1.99374359497833,2.39226180213138,1.24080499190404,0.668697966719424,0.949252359998673,1.54223835032789,1.86843758004652
02-Jul-1968,2.64109274010423,2.03500306858741,2.33506043954003,2.94757968111939,3.26974014134447,1.57516301549857,0.777237277354904,1.16783261555623,1.99791619040257,2.4033030554259,1.25316871857196,0.682157671126909,0.958412375273722,1.55528119160658,1.87412612005559
02-Oct-1968,2.70532481187568,2.12638024879918,2.41160097254793,3.00619379471179,3.31836150116234,1.58834178512894,0.783824836859757,1.17971821782329,2.00903409868797,2.41389418968574,1.2738863172116,0.703418559532106,0.981415583548403,1.5809969205129,1.8759666298861
02-Jan-1969,2.77457171357913,2.20265724026824,2.49792249500271,3.06650879638453,3.35890290098023,1.60378723684488,0.805895546289745,1.19584967348073,2.02605627559617,2.41182990148419,1.29578220462936,0.717251125474327,1.01315207913767,1.60175746528628,1.9076313640556
02-Apr-1969,2.82257922131189,2.27632262998773,2.54546080438008,3.09468207392666,3.37971033180489,1.61090312817384,0.821437579471086,1.19989494288707,2.02998487727209,2.41644970011704,1.31323363397378,0.74677139839585,1.02420190644403,1.61871445887161,1.92626235689129
02-Jul-1969,2.87850389704691,2.36837074217323,2.62000267521472,3.14029105158638,3.41290718979461,1.62839100742572,0.82702834309531,1.2099747376571,2.03720437693627,2.43372139927831,1.32607285532895,0.747399695031361,1.0411380999145,1.63669204390307,1.93992488180481
02-Oct-1969,2.94199980653309,2.46160633150517,2.6928391536544,3.18215387084738,3.43105470684767,1.64030278134445,0.829013247521184,1.2281137289336,2.05625270899854,2.44837823788372,1.34822184299019,0.780304604734238,1.0614565016354,1.65185047592721,1.96955688097392
02-Jan-1970,2.98047121916142,2.53850886906608,2.75531012962162,3.2068660808268,3.44647903821686,1.64968720562174,0.845773525314027,1.23953054450534,2.06560772928501,2.46245178304196,1.36827380114638,0.809046426210251,1.08183893748584,1.66677356442807,1.97804229243021
02-Apr-1970,3.04583037886172,2.63580789449742,2.84133064877686,3.25049786928743,3.44245115730413,1.6708388758001,0.853155737711723,1.2517039573715,2.08068693180856,2.46380994963564,1.39714519410119,0.830909174122473,1.11213316089795,1.70085193491665,2.00765030197555
02-Jul-1970,3.07262289463269,2.71004171708577,2.89038332058128,3.25614079934796,3.42181021271897,1.67341664248366,0.856609577866396,1.26588943449493,2.08732642110568,2.47668585557139,1.40936865461115,0.846326570792451,1.12954340124553,1.7109532563554,2.03361620928381
02-Oct-1970,3.07893431400639,2.77362286890771,2.93190085455275,3.22643716688713,3.37612079837531,1.67302765779784,0.865383479654391,1.26235572768654,2.08422930406481,2.46954614090108,1.41905136622405,0.857400622955434,1.13588525934458,1.72297853880961,2.03994684974326
02-Jan-1971,3.08385047353157,2.86440905005991,2.97176831071873,3.18625765822855,3.28977093937588,1.67292819017795,0.883632755525188,1.26251567739369,2.08211054262991,2.47379081393618,1.43261738006211,0.876411162420751,1.15192949452953,1.73491868418401,2.05538516405969
02-Apr-1971,3.13174473461805,2.94617209605585,3.03618787444969,3.22833213778797,3.32136324883919,1.6807566186826,0.888178331991821,1.27710472637196,2.10007418696786,2.47783931453415,1.45389838775526,0.897815145835996,1.17171730503404,1.75154050742369,2.06634177819157
02-Jul-1971,3.20014233876328,3.01661453985419,3.10620700770512,3.29358037150324,3.39033422683071,1.69748980103647,0.90205489680895,1.2862504904864,2.10244307706721,2.49102063112868,1.47128151193937,0.90615391696242,1.18745376743694,1.77049621993024,2.0854254540982
02-Oct-1971,3.3635246632175,3.18346349864648,3.26957194390048,3.45250343617298,3.54595386939361,1.70525485191245,0.891524803895566,1.28856541356936,2.10632901750168,2.48650001471325,1.49264668448607,0.932498124027881,1.20799255957351,1.79043577815936,2.10812603605618
02-Jan-1972,3.47040790708054,3.2935348543852,3.3774775608344,3.56199879897603,3.65370263910069,1.71277932676032,0.893422168756686,1.29577613285269,2.10967993499766,2.51319310574322,1.51784635233015,0.956007406356399,1.23451022933283,1.8153925884487,2.13048920334338
02-Apr-1972,3.54399454939805,3.36374903641854,3.4517770816249,3.63754796432553,3.73228056430484,1.72499885873722,0.898924560707558,1.30800432882125,2.1245311532047,2.52041835222714,1.53792191466356,0.970718194710674,1.2546713148891,1.83769639848521,2.15240138160973
02-Jul-1972,3.61791736415939,3.4321558018901,3.52325983140743,3.71365121128596,3.81667235247578,1.73214935583172,0.912474022569053,1.31438483598738,2.13550882480261,2.53132733531477,1.55525955111425,0.976923556610783,1.26678710710938,1.85089540427975,2.15396819808365
02-Oct-1972,3.76517617200085,3.57683445687124,3.666596853288,3.86085155855782,3.95714903316207,1.73882177275673,0.923421520522629,1.32635306374018,2.14590716504792,2.53579925703002,1.57187125119622,0.99467739542248,1.28800218350046,1.86538701545905,2.17420197885003
02-Jan-1973,3.84525932487738,3.65377609729832,3.74976571143344,3.94372632670031,4.04504108024494,1.76367431026093,0.94121329174125,1.34170685248784,2.16355272188695,2.55398039294349,1.60577504630242,1.03281472230943,1.31725833594328,1.89741800219536,2.20041943561287
02-Apr-1973,3.83579725754012,3.6327157589309,3.73629153773566,3.94398424136657,4.05206481188152,1.77270874123143,0.960420814696228,1.35560297170361,2.1723157435874,2.56148621403666,1.61806757050422,1.0500092200253,1.33102103279649,1.90827967604937,2.20952397391858
02-Jul-1973,3.8534940427345,3.63430076327527,3.7388403871529,3.96928810476384,4.07864129190087,1.78647693883275,0.975660596923955,1.37311537625124,2.18899135401093,2.58938037677849,1.63249900340895,1.06453444248136,1.34999978785769,1.93112977303112,2.23746739143885
02-Oct-1973,3.89568490693309,3.65434299157917,3.77430611559375,4.01951088572267,4.1397337122928,1.78876598964194,0.974964806686138,1.37992343171083,2.1911830141513,2.58202530545242,1.64875672440214,1.08593393594182,1.3615209458541,1.94770853980669,2.26213935089807
02-Jan-1974,4.10009550246061,3.82908043321769,3.96472532718759,4.23108824993035,4.35944782831787,1.7915954132904,0.968274995764355,1.39011109772102,2.19420321445484,2.57490647637033,1.67620613989354,1.09838884012413,1.3866813418995,1.971608625468,2.28440576373648
02-Apr-1974,4.41039905010676,4.12372146391544,4.27093204794733,4.55211727195229,4.68280207519604,1.80000273263492,0.971698346823086,1.39646274002798,2.2162625063636,2.60465784993604,1.70645760018877,1.12588146993709,1.41339582172687,2.00048375989925,2.325832718708
02-Jul-1974,4.60504760228988,4.31476147665545,4.45782153527696,4.74624502228299,4.88611288319078,1.8143978383757,0.975507398064003,1.39959334115911,2.23484790020398,2.6183043931621,1.73567722219449,1.15404345663158,1.43657770058822,2.02561326997319,2.3506434923686
02-Oct-1974,4.68005385620833,4.39952708995017,4.53654632859677,4.81752983403278,4.95040040247806,1.81090713834809,0.969921280718265,1.39546031276654,2.2293556293233,2.62090935422868,1.74576647687811,1.1639473107677,1.44732234218841,2.04237412244594,2.35768979966819
02-Jan-1975,4.74793678780329,4.48853511742208,4.61703311944296,4.87940169499236,4.99879825476863,1.81545300171698,0.976774834126976,1.39662706924201,2.22948908945659,2.60285135790329,1.76361714786105,1.18493764841682,1.47010626856009,2.05878490113254,2.37821076890748
02-Apr-1975,4.85030035987372,4.59821445960753,4.72629215332625,4.96204324844234,5.08083921631476,1.82469354723703,0.983792990448902,1.40334221650985,2.25160364728466,2.63712876304488,1.79285071442137,1.21152026779003,1.49817215274117,2.08847021074464,2.40307910854807
02-Jul-1975,4.91235673270705,4.67447362842698,4.79924658481464,5.021358356937,5.12728318633735,1.83472317231525,0.981754456329493,1.4146309360585,2.25773960702595,2.63926365069381,1.80302013587822,1.21912743059642,1.50784742816436,2.09992872793459,2.41949129521187
02-Oct-1975,4.87900875482812,4.67140606181167,4.77384796087783,4.98324043986704,5.07996299830569,1.84243871854915,0.977688920349546,1.42130917512703,2.25981050023401,2.63267445067194,1.81264757121542,1.23237726414953,1.51763036662057,2.10946717329876,2.41834187557559
02-Jan-1976,4.7500385700495,4.56050311179563,4.65383300058931,4.85351740934348,4.95007751607069,1.84811216727729,0.989796037901246,1.43153464221372,2.26627965000207,2.63049461731806,1.82277933601229,1.23613247762023,1.52342670303103,2.11348830162335,2.41061256050023
02-Apr-1976,4.59083730951191,4.39943685710131,4.49446490657268,4.68730343997708,4.7805043458426,1.86331484748314,1.01517613780206,1.445436319677,2.27411393855584,2.63653883892705,1.82712478098942,1.24531715414768,1.54061158858594,2.11890632004395,2.4063456456007
02-Jul-1976,4.5587549050613,4.36889056967097,4.46254335854584,4.65817793995232,4.75810763121902,1.86599157901888,1.02737731079646,1.45188821972639,2.27419057805965,2.6383985808996,1.83517034641493,1.25625339020679,1.54005664787163,2.1228656510214,2.41481673738043
02-Oct-1976,4.54002679618181,4.33937323777456,4.43996253085303,4.63917433937247,4.73688031543088,1.86926842839268,1.02136148033997,1.45575746015789,2.27249166814451,2.64962259584907,1.83675821100722,1.26589056437721,1.54470673408138,2.12217213725382,2.42532114967034
02-Jan-1977,4.56454451558161,4.36606488080388,4.4633444177799,4.6669072785162,4.77508370551877,1.87577144081858,1.03368587172584,1.46302773152211,2.27639527071879,2.66954227625431,1.85136714512215,1.28465776000833,1.5617714798566,2.13283240463804,2.43292109175775
02-Apr-1977,4.63336626389794,4.43015387549697,4.53236419881026,4.73920692694101,4.85051024273137,1.88124716844744,1.05422062362531,1.46685982809258,2.28509835355835,2.66769007984492,1.86163204908346,1.29969113935532,1.57111937467512,2.14246934276756,2.44738829860085
02-Jul-1977,4.74347860343679,4.53683439661651,4.63950776353104,4.84748644782426,4.95879437723009,1.88932211498193,1.05095206044561,1.47165830162099,2.29268736425308,2.67556367077515,1.8669379104076,1.31318154456657,1.57957928732004,2.15839702715252,2.46092872539572
02-Oct-1977,4.84449229515668,4.63729817993736,4.73957314098274,4.94792398986586,5.05227897484796,1.90177291092862,1.06147410673949,1.47683646417169,2.30496313686518,2.69573522248098,1.88248373922659,1.32756041542281,1.5984254439595,2.17041441221788,2.46944604469181
02-Jan-1978,5.01983707499708,4.81190705470213,4.91674716980398,5.12709361095563,5.22847467129697,1.90944514848499,1.07867824768638,1.48438383502307,2.31901756149467,2.71626063474683,1.90747288383883,1.35166469879539,1.62070213818089,2.19006204866625,2.50057964576033
02-Apr-1978,5.24077697261181,5.02973799261171,5.1363278105456,5.34751868043121,5.44837618146201,1.91868753082712,1.07753852915677,1.49517185983989,2.33435859195934,2.72687781525457,1.92574393088269,1.3727185885949,1.6328618595919,2.21354042150552,2.52972091148884
02-Jul-1978,5.38242737087027,5.1697429226793,5.2768873406479,5.49741053379154,5.60045526312085,1.92631161187005,1.09378444564851,1.50110262812587,2.34892038111733,2.73728003852704,1.93300984594993,1.37831940107795,1.64121794351058,2.22293506124957,2.53898651914913
02-Oct-1978,5.59898074346792,5.36103635330168,5.48153604525463,5.7142694420352,5.82762004827048,1.94096364361956,1.08090273167873,1.50499071038091,2.35493148740324,2.75937054650488,1.94764776963922,1.38797619932358,1.66132883564523,2.24006876012012,2.55642457744493
02-Jan-1979,5.86683769513152,5.61488488275414,5.74067126132876,5.98969327349139,6.10603734987498,1.94438320958403,1.05696570720211,1.50659886451177,2.37044536188828,2.76849249566783,1.96809292915792,1.41396644628454,1.67761531500495,2.25916773806236,2.57376182608567
02-Apr-1979,6.01952581977485,5.7454322891717,5.89027762707283,6.14639566281971,6.26714255592684,1.9456108742731,1.05384683335811,1.49919696909266,2.37540933447522,2.78042625177445,1.97460749089964,1.41338661529343,1.69118326010569,2.27402617882729,2.57656846815825
02-Jul-1979,6.22697306975702,5.95194058503284,6.09381701603364,6.35668521498623,6.48266200522559,1.94852509153608,1.05355037761507,1.49454600715249,2.38160717554645,2.80339740405644,1.98923627092965,1.42263489184863,1.70111499372832,2.28973038171222,2.57940606755574
02-Oct-1979,6.3404704340567,6.06589934579953,6.19989401782913,6.47159909257056,6.59121333591204,1.96838717892882,1.05648258301803,1.51794405998044,2.41661164303595,2.8347193620061,2.01593799320144,1.45189267184707,1.72891981840346,2.32120695269593,2.62282549933331
02-Jan-1980,6.43034900488093,6.16393232091873,6.29340420116388,6.55925425040129,6.68654302888708,2.00356630050237,1.09072748250852,1.54981113861902,2.45290775333036,2.87934178060174,2.05831526734715,1.47977235864078,1.75979712347561,2.35710795218901,2.67013557536606
02-Apr-1980,6.41620223975948,6.1579541809083,6.29107678880528,6.54507104039567,6.66441184708003,1.99316710456547,1.0841562702534,1.53700031309464,2.43848895862768,2.85096819484905,2.0628184322372,1.48621796206831,1.77377010589394,2.36421714974521,2.68180356339566
02-Jul-1980,6.53939033169357,6.29139106321318,6.41165942572513,6.6632742033772,6.78693011029241,2.00212613611007,1.08079240565901,1.53692211785741,2.45632639911636,2.8790120826555,2.0875766335854,1.50660568130904,1.80357891992777,2.39075093298317,2.70257558430062
02-Oct-1980,6.778136984376,6.49889943149069,6.64267920479301,6.90467455282176,7.03321796708975,2.03464207280938,1.0914727649193,1.55890856216684,2.49340938125482,2.9188260625913,2.11058828159483,1.52617288041811,1.82291615987956,2.42363808302067,2.73529958529216
02-Jan-1981,6.98344768922816,6.6719233542648,6.83138537941664,7.13198263764429,7.25820089009551,2.04700538841232,1.10311429738353,1.56074496564862,2.51914792777342,2.95864143345989,2.1376002679875,1.53796939048379,1.84288326719837,2.45138722794578,2.75280539804441
02-Apr-1981,6.95857575845142,6.6312051735924,6.79923701738802,7.10736090756887,7.24203170167674,2.07099241733343,1.1151079214964,1.59064118123494,2.53634740317775,3.00103026879192,2.16244891807828,1.57235018548304,1.86789575309528,2.47409607834944,2.78336803569674
02-Jul-1981,6.92712093418366,6.57639305234008,6.75823817397056,7.0852057699632,7.22279095710756,2.10039019754405,1.14635998105431,1.61090680711942,2.56234907054078,3.0309573895785,2.19783240547714,1.60388301689063,1.90071002148676,2.50655138075011,2.81572207839378
02-Oct-1981,6.86278748855384,6.48940940800062,6.67859119854262,7.02578921643513,7.18212131036113,2.10220316340033,1.14081748738328,1.60929750513005,2.56395595860981,3.02226793182288,2.21735806195766,1.62871179509907,1.92221720719734,2.52500713564561,2.82656433765122
02-Jan-1982,6.68156711128419,6.31361886434962,6.50879487730626,6.83518321566073,6.98959227062051,2.11480395112664,1.16862392047965,1.62953489214324,2.57650110502181,3.02563576535886,2.21988076764805,1.63882146038086,1.93234838992861,2.52616639978929,2.8205182078296
02-Apr-1982,6.48251077867307,6.14400725662586,6.3187171050346,6.63445215810124,6.76862900523839,2.11691115477143,1.17777720195993,1.63884890926652,2.57433323891431,3.01376032494035,2.21936104015501,1.64404333741685,1.92969046204775,2.51731388478604,2.81379728740537
02-Jul-1982,6.39137251808421,6.07774524581046,6.23846857446833,6.53290187206365,6.65921581117523,2.11143998733659,1.1648430105872,1.62862011262584,2.56303504006597,2.99454674172822,2.2191632722562,1.65212729240525,1.94030611606975,2.51801048251214,2.80999991634689
02-Oct-1982,6.21782331106009,5.93462693104099,6.08285129212537,6.33970448321016,6.45574299490152,2.0834117760278,1.14272825132709,1.60783523449981,2.52636536924084,2.92901337200121,2.18643928675606,1.6327626339542,1.91066800220233,2.48284693402087,2.77325980948559
02-Jan-1983,6.12470373055197,5.86334352584975,6.00140209940332,6.23737442305165,6.34607421478231,2.08712702623036,1.14883398121363,1.62275570768827,2.53639415338651,2.93579824338286,2.19520037236304,1.64939779388351,1.91988965359609,2.48812574464103,2.78151783909793
02-Apr-1983,6.13545675576521,5.87656027336459,6.01475881046327,6.24623882389417,6.35313374291192,2.10227038741629,1.16726224114843,1.62764252308206,2.53321560728081,2.94726155218721,2.20460824417733,1.64776187882711,1.92998093666272,2.49629013728267,2.79247617307841
02-Jul-1983,6.17012098485102,5.90359013685776,6.04355051096574,6.28587748339572,6.39568539123167,2.1196551919345,1.20130093270339,1.64317996827318,2.55025910485542,2.97239441203303,2.23299291507134,1.6693006345213,1.95893152976632,2.52812937523494,2.82221111685609
02-Oct-1983,6.12784138083559,5.83993295674625,5.98737178795886,6.25864346639532,6.38252144944145,2.12793522920511,1.20218577441282,1.65141797083159,2.55935903238145,2.97979296957015,2.24321029037279,1.69114072217694,1.97470619775529,2.54341456735812,2.83912090762571
02-Jan-1984,6.05577581842136,5.7461191706723,5.9046111726549,6.2000203588705,6.32490920035428,2.13879601276572,1.21668958644001,1.65898060593926,2.55912708207418,2.98650580487719,2.24786359206818,1.69614468428892,1.97829098203125,2.54069064726812,2.83120156115393
02-Apr-1984,5.95464505037033,5.61654202651067,5.7911618843696,6.1083869885213,6.25546187411844,2.15922082627159,1.23147540140295,1.68215216833079,2.57430781836503,3.01200870695567,2.26772411871927,1.70370751047658,1.99703858690718,2.55733328571435,2.82879186262436
02-Jul-1984,5.68964542556013,5.36306796143531,5.53469858754596,5.84304301286821,5.99035185723761,2.1619498441422,1.24674665497394,1.69047615300545,2.5706853815262,2.98344582014952,2.25162539630633,1.70702111041612,1.98082561520934,2.53262664243447,2.8135550022374
02-Oct-1984,5.41723608819831,5.10356181299685,5.26589950700108,5.56823034162247,5.7066842293348,2.14438777744317,1.24434326617761,1.68598446180535,2.54951284558328,2.94651179181967,2.22699396080712,1.69153808801759,1.96162503597392,2.50809548108768,2.772301947632
02-Jan-1985,5.25878801673582,4.96166309741145,5.11040990026159,5.40426649513827,5.54259896666451,2.13963323494774,1.2586994378938,1.69592847297845,2.53392115990209,2.93344115498571,2.2255889126368,1.68599956507844,1.95699627151652,2.49802445053407,2.76049620189644
02-Apr-1985,5.22662884093806,4.95052287006654,5.09077826732585,5.36216722776768,5.49835632251854,2.13026383039177,1.24442746319531,1.68597051091613,2.51706527942672,2.90847109413072,2.21566491156128,1.68731025480948,1.94654507066216,2.4892864186099,2.74110078848639
02-Jul-1985,5.26544749393159,5.01054166906317,5.13971907765137,5.38771023540036,5.50973570758193,2.1200179019285,1.24220152969536,1.67779932035586,2.50261235828881,2.88350219303895,2.20237056703868,1.67334747579973,1.93725227160517,2.47538502067472,2.7252998101255
02-Oct-1985,5.20419399638708,4.98161003007373,5.09542185879535,5.31848054237971,5.42562236957144,2.10570494353061,1.22907688497767,1.67233294311126,2.48531478809493,2.85008451488835,2.18059046823892,1.65802927349503,1.91587841575654,2.44774725165454,2.71394256572166
02-Jan-1986,5.03243783207765,4.82908388554717,4.92807550013758,5.13687751818174,5.23960664328053,2.07864073597415,1.21349363211346,1.65462638947244,2.45337424735543,2.80552682754177,2.14604747576871,1.63476366463322,1.87856454746852,2.40666543309897,2.65619954473096
02-Apr-1986,4.92315266845003,4.71165756441175,4.817045933909,5.03173364334901,5.1417668128031,2.05380208667224,1.20791172596294,1.63990692317953,2.42751881573322,2.77974207101816,2.11974462377361,1.58903825696431,1.8490080906811,2.37452957315005,2.63289302018433
02-Jul-1986,4.85920456516726,4.63357994668171,4.74403353149258,4.97126513420758,5.07691072670294,2.04517266839761,1.21787686719675,1.63466928616389,2.41171703333229,2.76512402445167,2.105160277554,1.57751633023505,1.84038473085394,2.362861121022,2.61955896681482
02-Oct-1986,4.82825048545206,4.61578751396665,4.72130108152103,4.93688645092831,5.04812458586202,2.0436787242153,1.2300843101269,1.63525666600219,2.40660377969647,2.76379612160605,2.106152758266,1.58520945210036,1.83984293535034,2.3667506064847,2.62365794277613
02-Jan-1987,4.84083510056696,4.63266293432587,4.73829973952285,4.94658363264534,5.05496728461682,2.04152375184203,1.23243127033822,1.63133605065058,2.39891724794585,2.76603370264012,2.10243486639461,1.57190680281685,1.83560531684409,2.3649925944169,2.6229933978802
02-Apr-1987,4.86756650309885,4.67161494296547,4.76948093272143,4.9677672933314,5.06788668483426,2.0604216874617,1.24510617210334,1.64443390503076,2.41929678028587,2.79316505651844,2.12842244479787,1.60090123998888,1.86536933821494,2.39491574094341,2.64935256526191
02-Jul-1987,4.88599445394161,4.69130981724811,4.78694680485616,4.98121139563774,5.07373572409234,2.07153174849741,1.2500240269433,1.66064532512696,2.43354666375322,2.80263036326212,2.14543719525326,1.61876036142888,1.8743157995352,2.41483587715794,2.67094095104373
02-Oct-1987,4.7731348038513,4.58051022117953,4.67905871586539,4.86593215426416,4.95135607999054,2.07419036942223,1.25531503593264,1.66657786261531,2.43305160617691,2.7918047784346,2.14918081733486,1.61774852174528,1.87547399674,2.41615341327484,2.66734615018788
02-Jan-1988,4.68782625191781,4.49974262013779,4.59602011002791,4.77602337863549,4.87033326424014,2.07017104432125,1.25199200374567,1.66283263551198,2.42166759094677,2.77211800416756,2.13711999663502,1.60568125676906,1.86269301943596,2.40868306328624,2.6570179646541
02-Apr-1988,4.57682767442364,4.39553632010585,4.48484541612621,4.66588606491997,4.75764147005706,2.07094769579877,1.25229709534281,1.66632764931537,2.42412722856304,2.77464502262394,2.14222956822481,1.60986750889548,1.86411732099835,2.40628477392787,2.65567039534367
02-Jul-1988,4.43192000195051,4.25238614999952,4.33816757376572,4.52010801448426,4.60822049067074,2.07381688930984,1.26150887485423,1.67248601808075,2.42454980729015,2.76557274813288,2.13790053088281,1.59571973603871,1.8600534721797,2.39508855512143,2.64429257522967
02-Oct-1988,4.25535452266626,4.07303395979544,4.16537980830296,4.34757479688724,4.43208411349773,2.07193585894007,1.26480303825926,1.67817591239468,2.41091876118067,2.75127849545305,2.12354427061988,1.5803923499308,1.84704722726667,2.38645860367644,2.64154885941954
02-Jan-1989,4.1834465444247,3.99627237051928,4.09024294944364,4.27499026501874,4.37042572254396,2.06688372540878,1.27890391809338,1.68165757851874,2.40906850237867,2.74089481503047,2.11943561820319,1.58783273868237,1.84474316890103,2.37846718145843,2.63217708029064
02-Apr-1989,4.09759509694257,3.90730144529914,4.00316391517255,4.19321030948024,4.28514842619782,2.06137245503527,1.27690952954561,1.67635055586259,2.39621014427476,2.73069669093574,2.11272940303827,1.57201977318769,1.83323413552073,2.36482850873259,2.60826655862872
02-Jul-1989,3.94009837486022,3.74443972902613,3.84440562525191,4.03410781133894,4.12680504444434,2.05211409086295,1.27191164762462,1.6692232943077,2.3827021802579,2.68895672930338,2.10265932568062,1.55547940520671,1.82039808793424,2.35419184426966,2.59090232228675
02-Oct-1989,3.79069902844397,3.59815905916326,3.69299120738474,3.88571721341498,3.97310528688888,2.04736277581647,1.27397615419971,1.66874205122653,2.3717048908592,2.68113963598076,2.09131521296862,1.54998694211869,1.81223881566791,2.34525495923754,2.58663962361741
02-Jan-1990,3.68642894253847,3.49312897269124,3.59186692682032,3.78484779858498,3.87474043983353,2.05315136439035,1.28389416643355,1.67896798054215,2.36980871322846,2.68665808479371,2.09905609570025,1.55877147103413,1.81543638830488,2.35071794015569,2.59161429373632
02-Apr-1990,3.71977288964553,3.52444189386982,3.62524538895336,3.8167498686249,3.90752268681942,2.06086555962458,1.28586713128452,1.68436886481393,2.37273395033659,2.68399514377827,2.11538805725711,1.56436833348848,1.83140912988421,2.36869619201325,2.60710486162956
02-Jul-1990,3.76932476053999,3.57425321736277,3.6756408511201,3.86628904490295,3.95759064991892,2.05930757275737,1.28383404222266,1.68687609628153,2.37363311660143,2.67661726944025,2.12686628798658,1.58202133212501,1.83704604169984,2.38042478615341,2.61231179012621
02-Oct-1990,3.74784194453817,3.55501173122863,3.65234329011085,3.8404685502669,3.93371712855917,2.05148924061695,1.28132943248113,1.68737033926357,2.36017322148621,2.66874096265678,2.12449880621891,1.57752173016825,1.8313000021621,2.38059229130424,2.60136349186829
02-Jan-1991,3.73837938568349,3.54152289408412,3.64156876932203,3.8328740424319,3.92447538230724,2.05069678440589,1.29447613930214,1.68354579697822,2.35536938520032,2.65076141532006,2.1292645774948,1.5837557916122,1.84157067141065,2.38156340511663,2.6168658383916
02-Apr-1991,3.74413134264869,3.54904036130879,3.64766259384168,3.83585950530648,3.92635773351323,2.05125025559588,1.29517880639215,1.68634368566697,2.36125718474939,2.64653134340846,2.140490764251,1.58198283653549,1.8546215495302,2.39271346125124,2.61776479766324
02-Jul-1991,3.64140848228687,3.45520871691465,3.54772967723513,3.73760712895087,3.82176231657867,2.05080446008938,1.28694476664091,1.68423144305424,2.35708914257384,2.63492555683875,2.14515290636996,1.57881400112272,1.84780848517615,2.39539673017665,2.60758067040277
02-Oct-1991,3.54088579254938,3.3555004888697,3.4487738140309,3.6360080484352,3.72854111903508,2.0445970028614,1.28745394491067,1.68726335356885,2.3462991735158,2.61318688377454,2.1348693293478,1.5732177102369,1.83788512499764,2.39160428924085,2.60384188523052
02-Jan-1992,3.44060383091029,3.24900226260663,3.34509068450172,3.53632733341245,3.63700613418647,2.0461046009476,1.29793026108144,1.69310335561178,2.34445887363136,2.60391070149854,2.14737345367229,1.57668952986507,1.83727205504091,2.40082483836462,2.60949007952708
02-Apr-1992,3.44263559384098,3.24508429327722,3.34203633988565,3.53786634634526,3.63397976201587,2.04999932365641,1.31486972090864,1.69991037375793,2.33800557439707,2.58865133974565,2.14775486658369,1.57876542707522,1.83725192279997,2.40910718096333,2.61571155223466
02-Jul-1992,3.33400389447322,3.13781774950975,3.23715837163864,3.43102366069437,3.5302677533849,2.03317865199298,1.3061170893876,1.69238011909122,2.31790053950513,2.5661158883737,2.13466816525734,1.54870065032746,1.81902276695373,2.40045969797765,2.59529030825851
02-Oct-1992,3.24733320533201,3.05415624789142,3.14959928593847,3.34836134307452,3.4424291231315,2.02816693591777,1.29934569786969,1.6920064552359,2.29817804167926,2.5514120122174,2.13052317545091,1.54666761085913,1.80992300452837,2.39500260467878,2.5821862629977
02-Jan-1993,3.15826865482,2.96940657325484,3.06112755065585,3.25801222922985,3.35600719063177,2.01641856083218,1.29917537954576,1.68946355941012,2.27512399550958,2.52874930105409,2.1123079515896,1.51547065417286,1.78677944026662,2.37667902247431,2.56706514456133
02-Apr-1993,3.1699489321091,2.98106221321361,3.07352736072491,3.26720323497735,3.36891441092506,2.01407027820126,1.31211332946491,1.68999194574944,2.27972503523846,2.52511061692799,2.10253525249465,1.52599478408042,1.78163099162551,2.35797344332196,2.55362856990443
02-Jul-1993,3.06293257301093,2.87204145463689,2.96720824117708,3.16336283707154,3.26675126753586,2.01526988322699,1.31171358299648,1.68372844589071,2.27675492217053,2.51411596712263,2.09168264661357,1.51132423067455,1.76852104607532,2.33952916309493,2.52480253709811
02-Oct-1993,3.02768776636277,2.83989237142563,2.93093129875808,3.12604671954568,3.22774060422722,2.02602826112601,1.32266887597881,1.7018191261822,2.28898126742521,2.52778845911509,2.08956251232691,1.50446719861727,1.77923786241565,2.33875197962378,2.52049659263747
02-Jan-1994,3.0105874669075,2.82500528386517,2.91475131201152,3.1061109300084,3.20490920256236,2.04489297604582,1.33504646013503,1.71060127833706,2.30275805604308,2.54087317081048,2.09451805003693,1.51936356016683,1.78711730450614,2.3415923592623,2.52294233826804
02-Apr-1994,3.04237222143071,2.84890466150817,2.94308994561629,3.13866176204588,3.23657457953584,2.07174291539475,1.34741943279052,1.73318755036697,2.33295418883663,2.55797903120535,2.1039748946422,1.5358183302898,1.80633756526549,2.34351678297977,2.52699396282419
02-Jul-1994,3.0199169267368,2.82306816296052,2.92074599116597,3.11940674455504,3.22267005680172,2.08958725580753,1.3559842717858,1.74610610345941,2.34666240056516,2.57688593439865,2.09054424126728,1.53581837169449,1.81655263075174,2.32070042190252,2.50184302489929
02-Oct-1994,2.99876461737944,2.80729842622656,2.90141404382252,3.09739125499855,3.19616094214538,2.10358675034528,1.36727118789423,1.75353569726403,2.36755512953329,2.5897032979173,2.07831055455071,1.54432676176574,1.81423289839913,2.29777982807827,2.4795949357555
02-Jan-1995,2.90802763751631,2.71772697944338,2.81347089130158,3.00610475731026,3.10531515257176,2.11063376854144,1.36116246844941,1.74743585765816,2.3742022018216,2.58192761390021,2.04875534980297,1.52527115381228,1.79350580048056,2.25571311848703,2.43750957873082
02-Apr-1995,2.82881785721621,2.64876147901682,2.73985376239267,2.92154747042587,3.01026608430238,2.09917361885784,1.35758982108297,1.74515135332847,2.36383785231384,2.56490094700104,2.01149502772422,1.51051350874866,1.76474209365932,2.21112805696809,2.39455338758332
02-Jul-1995,2.7240466691441,2.54364179848458,2.63504466587866,2.81325711232104,2.8963476386207,2.09707665078642,1.37079144014015,1.74596328075638,2.35954823723318,2.55891211480416,1.98307491846386,1.49451444307753,1.74672692618498,2.17869493078795,2.35732197048626
02-Oct-1995,2.59210061341216,2.41463913974216,2.50297290160647,2.68176647922248,2.77607271445697,2.09373530426194,1.35919448754908,1.74812860189266,2.35275963275517,2.55058358008459,1.9471273233802,1.47018202175725,1.72425161561963,2.13904508130782,2.32031386414691
02-Jan-1996,2.53043809908306,2.35180465438308,2.44295314616579,2.61774642424792,2.70242551144175,2.10199857434513,1.36525827187544,1.74278419146809,2.35475617835909,2.55999000417788,1.93039825171672,1.46344682200982,1.71401173830819,2.11959983818246,2.30558565977241
02-Apr-1996,2.53134726550072,2.34882718592663,2.44221230113705,2.62019639847589,2.70852807757736,2.12252104710624,1.37468735263939,1.7538485053686,2.38421343421744,2.59552845529971,1.92773712514642,1.48166315831033,1.7202187418439,2.11512786902057,2.30177310803235
02-Jul-1996,2.51465902436391,2.33581237157413,2.42470308400808,2.6033993835498,2.69129709394355,2.14069137252721,1.37544321031925,1.75228394222033,2.39523722869592,2.61361427310087,1.91219433799873,1.48170333258232,1.70716292080918,2.09931351536975,2.29502535992272
02-Oct-1996,2.48882976769045,2.30390568164044,2.3949545947896,2.57720287433777,2.66383827752817,2.13870289659301,1.37061499435628,1.74709533094137,2.40023372218092,2.61029025297794,1.88724733692186,1.4700924025004,1.68599356337119,2.07099994394102,2.27455551924304
02-Jan-1997,2.48337530948793,2.29388851681138,2.38858804963207,2.57606307204049,2.66041133412764,2.15124990536696,1.37543201705379,1.75418612250463,2.4169190150688,2.6192881251122,1.87373782552468,1.46886680017906,1.67706867541853,2.06344601730469,2.27292958195176
02-Apr-1997,2.42862480632547,2.24491893957112,2.3331786668667,2.51990258171787,2.61105400774499,2.15800726606369,1.38931765946741,1.74918780385988,2.41973439968938,2.63008814876189,1.85408647926268,1.45334427105588,1.65554725673523,2.04911068325013,2.26626949952729
02-Jul-1997,2.39626363280644,2.2163683116722,2.30423061548546,2.48544911220372,2.57013832410775,2.14725501835843,1.38842018884238,1.74710942179388,2.41551114316481,2.62601092295269,1.81744717123378,1.42610002637411,1.62558320734777,2.02055802161109,2.24596246745406
02-Oct-1997,2.2535981011956,2.07124012462052,2.1617737569531,2.34230829113447,2.42781878706762,2.14589088813945,1.38067120216407,1.74592532849183,2.40586545301533,2.61269863862521,1.78058193844044,1.38751835645691,1.58575713631957,1.99209611701017,2.22645626600628
02-Jan-1998,2.16392315273659,1.98276552185615,2.07105242295908,2.25340481201884,2.34062274050676,2.14254955604713,1.37936608219249,1.74095934221466,2.40622031402285,2.61281784520547,1.75082916895549,1.35099395938038,1.55463342803275,1.9628982473585,2.21697245449185
02-Apr-1998,2.09148078357044,1.90829195971127,2.0005934379999,2.1858310646189,2.2797270464515,2.13615281770665,1.37905457348363,1.73615370867714,2.40667994777429,2.61267838520954,1.72956262985369,1.33365074991035,1.53214737615729,1.95378193867546,2.21006162213951
02-Jul-1998,2.04393907592111,1.85402720613247,1.9499642491921,2.13811261097024,2.22831236796236,2.13174223419808,1.36479770664006,1.73190787317845,2.40038754950101,2.60359755488775,1.70829287686124,1.31782351580219,1.51000421791864,1.93497380446183,2.20291988268271
02-Oct-1998,1.99320573102455,1.81074201005811,1.90251659815712,2.08624870183198,2.17380991647021,2.12782837152833,1.35800094082552,1.72410544944598,2.39465233847416,2.60512188467126,1.69475556994918,1.29414838994252,1.49545670201677,1.92812744929402,2.19451638408497
02-Jan-1999,1.93852740087335,1.75674173212959,1.84972431292304,2.02858103628965,2.11095787627252,2.13260704772546,1.36504870088013,1.72913711596514,2.40245261828791,2.60779451739948,1.6874526551469,1.29328554828596,1.48761268972255,1.93122265343057,2.1971728793321
02-Apr-1999,1.97380366722114,1.78824001111439,1.88216667824663,2.06328607449025,2.15741261034425,2.14104361310343,1.36062989806185,1.73383027114875,2.41218312904171,2.61393289258355,1.6907982793419,1.28974040443354,1.48829455471148,1.94505793885924,2.20061653774301
02-Jul-1999,1.98408596360594,1.80022015657401,1.89266988180879,2.07269060442598,2.16601195689262,2.14305557709166,1.35560101742858,1.74076742816457,2.42318057948572,2.62411480125062,1.68936287069809,1.29180969385505,1.4845823675271,1.94476796901328,2.20964378030264
02-Oct-1999,1.98606292558152,1.80277921675274,1.89655186257106,2.07809269350737,2.1631921989804,2.14940151668376,1.36822776355986,1.74371969446219,2.42523235033363,2.63598362075221,1.68570575280643,1.28737324355121,1.47767520814287,1.94536163411152,2.21072297840306
02-Jan-2000,1.98808880147699,1.79933678946734,1.89348234419663,2.07679871627837,2.16899981573645,2.14834001577207,1.35982181154749,1.73672334946545,2.42204792032928,2.63565897976437,1.67191280469053,1.27228904237281,1.45991236439505,1.943916835966,2.20974292787782
02-Apr-2000,1.95933183409924,1.77315534883787,1.86267376065284,2.05120238686095,2.1417197092586,2.13505342798824,1.35026059122254,1.72905821165227,2.40707419050537,2.61824765513621,1.65297419328157,1.2651622237723,1.44379275074671,1.92671680020978,2.20960273792259
02-Jul-2000,1.95278347394985,1.76775815507793,1.85845288532977,2.04572593527075,2.13586438172432,2.11719407135207,1.34110938805968,1.72376485377371,2.39425488503162,2.60165789971306,1.63934644850522,1.24803506532087,1.43253111004401,1.9152363505492,2.18697140292698
02-Oct-2000,1.94415234554174,1.76256742910864,1.85202991301613,2.03804881933206,2.13349053167712,2.10629001552907,1.35645193838615,1.71269937093549,2.37652379494118,2.59342490916761,1.6278034481406,1.23130158624417,1.42105181185066,1.90752105671055,2.17384659915936
02-Jan-2001,1.94153839135912,1.76383830573892,1.84623559084738,2.0339072074009,2.1250215560164,2.09222639298667,1.34244793101896,1.70353117938366,2.35707268826139,2.57925444121735,1.62411778720008,1.23151853236955,1.41813430519847,1.90321728044902,2.16887108186519
02-Apr-2001,1.98345251628009,1.79936872023183,1.8906814631967,2.0751669551541,2.16119656308373,2.09227193223847,1.32967390758369,1.70467201516144,2.36570124442283,2.57595327686696,1.63793549482527,1.24582756687934,1.4267222986464,1.92094359327496,2.1823599731907
02-Jul-2001,2.02101880517593,1.84275928823881,1.92945587765746,2.11399700371773,2.20204643228472,2.09240802249065,1.32057755336914,1.70298496614106,2.3653562901079,2.57902691837959,1.64387045904581,1.25002850626707,1.4305334025327,1.92811497835351,2.19197789963228
02-Oct-2001,2.07233052620005,1.8841089812797,1.97792034321514,2.16723493557705,2.26408341140778,2.09184798455436,1.30949874882029,1.69383290470772,2.3662870594074,2.58292469007158,1.65609626677547,1.25819191859271,1.4345973033814,1.94063646716746,2.21130714412811
02-Jan-2002,2.12267357860342,1.92507825092769,2.02620703721917,2.21973062195263,2.31283489428404,2.10223101293747,1.31218714223097,1.70208189637927,2.368416114741,2.59481151151907,1.6676743575627,1.26221753097942,1.44486223638144,1.96368512233893,2.22842504632383
02-Apr-2002,2.13118881730323,1.93424542696341,2.03069882134484,2.23087832310935,2.32853492225511,2.09449139141503,1.32394119569077,1.69973838657729,2.36191261930081,2.58421479658694,1.66501192871568,1.24351672271239,1.44110716407818,1.95806553634263,2.22944530479934
02-Jul-2002,2.09255531818326,1.89115700382764,1.99188967941378,2.19301340472935,2.28857519155246,2.07730873845341,1.30938294462113,1.69124284960663,2.34412929447776,2.56581423861244,1.63762326595183,1.21808459827834,1.41483671210031,1.93988303932977,2.2178447579703
02-Oct-2002,2.06860315110803,1.86683860617743,1.96575937342356,2.16981033123761,2.27352329479104,2.06138264742069,1.31139992391998,1.68344946756884,2.32946697084877,2.55190271648834,1.619346850952,1.20267617285262,1.39587919790911,1.92821802724037,2.2039042181728
02-Jan-2003,2.07002504091106,1.86005908765651,1.96814848384093,2.1736003431087,2.27539818088136,2.04607002278852,1.29286140834583,1.66850514505665,2.30935725956438,2.5322323604515,1.60672813288279,1.18356762017694,1.3752049312349,1.91212483831461,2.19327876888893
02-Apr-2003,2.04676573524877,1.83733381255935,1.93530342747481,2.14994784769308,2.25290417189899,2.02280665777307,1.29772137911575,1.6537193809818,2.28879608184219,2.5262512267133,1.58937732041458,1.1577978902758,1.35227766030741,1.89550464638811,2.18310988780508
02-Jul-2003,2.07419222056367,1.85573047906071,1.96616592451881,2.18260221120245,2.29467989972267,2.01423908923931,1.28756581616945,1.65935126748327,2.27796154376991,2.52526468589479,1.58654131795004,1.15053914192185,1.34631699020144,1.89684098703425,2.18556635916028
02-Oct-2003,2.06882403241377,1.85191552033739,1.95818064264229,2.17846965161841,2.29099435793806,1.99450144450953,1.27711918276913,1.65351038486291,2.25790563760567,2.4951455612793,1.57131389949991,1.13637670019523,1.33077267124486,1.88332182686246,2.16629147852057
02-Jan-2004,2.05816577190573,1.84468438210683,1.95136679702104,2.16884654101955,2.27795299155238,1.97182294953536,1.26255705016997,1.64028911895636,2.22785247046132,2.4627083216734,1.54804561539981,1.11781739676907,1.30969546022093,1.86178014767011,2.14174849153317
02-Apr-2004,2.06865662018115,1.85240829277576,1.96161966743018,2.17484895398068,2.2800706386259,1.95765371845734,1.28170540891758,1.63753248940441,2.20773990744115,2.44847801684441,1.5329526542718,1.09516101331397,1.29310164596471,1.84858491287479,2.13138155977957
02-Jul-2004,2.03791721350721,1.83104204832689,1.93545493961105,2.14937838577608,2.24712164745689,1.92761528036198,1.26162643811238,1.61755462950496,2.17729831002667,2.42502911847611,1.49446861885526,1.05321171698983,1.25694844356457,1.81626082879731,2.09263301804031
02-Oct-2004,2.00870005777568,1.80145382644407,1.90362326855692,2.11202803026943,2.21600542339275,1.89217817878069,1.24483201381112,1.59711815477075,2.14107523156246,2.39551960289971,1.4528551918474,1.01073135174136,1.21625934437583,1.78138915024132,2.05760626765254
02-Jan-2005,1.96741539194621,1.76488457081296,1.86509673514398,2.06962637030646,2.17260253701328,1.85714495016383,1.22934575663583,1.57703223246481,2.11332718478424,2.37967619124067,1.4092553689243,0.980921503522847,1.17396294178878,1.74088499046102,2.01300006130542
02-Apr-2005,1.95761850571117,1.76027633468463,1.858197882802,2.05692808038282,2.1471673859424,1.83169198523756,1.2076909828717,1.55124809309162,2.09197464249598,2.36947874609882,1.37035223217928,0.939424466961504,1.1331212136746,1.71076197514113,1.98235323761498
02-Jul-2005,1.93835218259498,1.75163483586988,1.84217208065852,2.03499560542542,2.12809292004147,1.80526518997807,1.19056934629644,1.5289269852951,2.06409148392304,2.35655525062337,1.33623571767804,0.900840080071783,1.09828286547241,1.68236482275892,1.95475307310094
02-Oct-2005,1.91971846004351,1.72670952615059,1.82090234119733,2.01429890148656,2.10926848724211,1.79108135158765,1.17936666228979,1.51547258921002,2.04906650574001,2.34236888955632,1.30795999426006,0.873421804246605,1.06403607543116,1.65928663091519,1.94381198816882
02-Jan-2006,1.90087714738177,1.71076803649577,1.80865006424546,1.99428176478437,2.08357758949297,1.76596094862503,1.15929871970657,1.49864315641399,2.02710192909072,2.33838194669315,1.27806807975764,0.83961468028838,1.03690851300385,1.63810457593922,1.91702772968223
02-Apr-2006,1.91566401281538,1.73430166598472,1.82279916019293,2.00876708291347,2.0960765088872,1.75229766654212,1.14754856650041,1.47932668754647,2.01601798489456,2.31931514289317,1.25997326718491,0.817644713075285,1.01327224938626,1.62857186848447,1.91247056232806
02-Jul-2006,1.91186055124169,1.72686022661543,1.8172671490165,2.00942704615088,2.09321798005746,1.72939169488163,1.13794218532039,1.45816453685353,1.99139739892643,2.31647176781765,1.23279514308586,0.795237095309646,0.981318140117876,1.60719387304471,1.90350010772709
02-Oct-2006,1.9265769274299,1.74631146102096,1.83573336147151,2.02254515915525,2.10880363435057,1.7090257795015,1.12376358955788,1.43806554857928,1.97492989524499,2.30385096234347,1.21144820173571,0.774917419115731,0.957466159787965,1.59165863305612,1.88278395624234
02-Jan-2007,1.95840170932253,1.77468567395653,1.86721413787215,2.04949300765562,2.13925100446587,1.68772248253062,1.11047908257832,1.41308851018401,1.94883847337877,2.27508752361321,1.18735425413478,0.75553904037959,0.929780757314881,1.57956188154535,1.86800425897915
02-Apr-2007,1.98479191497706,1.79454410151066,1.8909010031284,2.07660237103979,2.17216260839918,1.66774676406434,1.07898469653632,1.3939660807008,1.93125917529649,2.24386427903096,1.18387132387772,0.73805142326849,0.922361047548475,1.56809942229452,1.86555677704604
02-Jul-2007,2.05092950427426,1.87211868742505,1.95899642122412,2.1462519907211,2.23872436934062,1.65334592515174,1.05717706706403,1.37922818220191,1.91869146756525,2.23037159458217,1.17906707019434,0.730592085119283,0.91686753131899,1.56416822970329,1.86416604641806
02-Oct-2007,2.09769920033066,1.90913174093304,2.00452245583077,2.18915877688277,2.2772306423775,1.63321065311602,1.03684639116796,1.35518479237927,1.8922400413124,2.20078093877479,1.17028242110161,0.720363065903427,0.90526842309097,1.55406921914258,1.84851574318729
02-Jan-2008,2.15324094298736,1.96345270797656,2.05836860896992,2.24341238345762,2.33968766219147,1.60768500143293,1.02343109330413,1.33180824856277,1.87122403068855,2.18023270972496,1.16905876163271,0.710959393922388,0.908849971521745,1.54942894084844,1.84687070384234
02-Apr-2008,2.19154372831434,2.00280819988838,2.09492643525944,2.28505124753464,2.38278751048069,1.57743972286251,1.01386429212673,1.30756814329926,1.8534971514333,2.1706301169658,1.1661835952562,0.717242626730817,0.908963643428651,1.54057418534836,1.84806564935621
02-Jul-2008,2.21546107094451,2.02092462838123,2.11634341731003,2.31459355842558,2.4095490946922,1.55430138188258,0.9956410405082,1.28401306836936,1.83506748494534,2.15690851464379,1.15880452738618,0.713538489377721,0.903835886769556,1.52524972925237,1.83764168406125
02-Oct-2008,2.24485603285679,2.03799044722886,2.13927046520255,2.3502493252054,2.45295926503734,1.53287147652204,0.990393277227968,1.2589180890306,1.80663777765575,2.1482280334606,1.16207436090101,0.712206228226139,0.903358325392217,1.50776512607345,1.82503963817108
02-Jan-2009,2.31846235393961,2.10953162027716,2.21117342075262,2.42774384399503,2.54085283249649,1.49850505962459,0.953052648781818,1.22668460469702,1.78300753266907,2.14718890283784,1.15052669789086,0.709462303177978,0.894107850405306,1.48992431725398,1.80861310280339
02-Apr-2009,2.36624471707106,2.15911840640555,2.25965178257073,2.47681865846429,2.57962802574552,1.47827692432471,0.946567462519239,1.20939948687553,1.77011714992557,2.14020592882084,1.13946912641017,0.699560901326559,0.885691998414873,1.48050215519611,1.80358470608519
02-Jul-2009,2.30445124534491,2.10090331585374,2.20150934831214,2.41471179271264,2.52676356109641,1.45270859939647,0.921321190672635,1.18158393622606,1.75194818338593,2.12264558537908,1.12676543479184,0.698524807839311,0.872698768880142,1.46286909843915,1.77907426096544
02-Oct-2009,2.24654470615793,2.04614074527373,2.14234610272385,2.35130170995771,2.46317118338888,1.4296566385753,0.887028178503141,1.1514967038565,1.73875432384134,2.11591822890685,1.10812188830919,0.682992068163454,0.861192598130804,1.44181609732187,1.76695321851822
02-Jan-2010,2.21551343263709,2.01998801714105,2.11195262847883,2.31804180011763,2.42972628176744,1.40989798676356,0.86326920025162,1.13041490883961,1.71951344725284,2.11623838942768,1.10281758587637,0.675329589743639,0.858184580307912,1.43088446660751,1.75488643809009
02-Apr-2010,2.19810636758458,2.00607385121737,2.10023824851126,2.30267736325689,2.40665659212923,1.37862043912562,0.849666612080393,1.1036810995312,1.70100335565836,2.10265788624568,1.08234244867393,0.639191121911648,0.836483720109423,1.40924921331092,1.7292766601814
02-Jul-2010,2.15608049866037,1.96161635821418,2.05818193613205,2.2631473040409,2.36488210753383,1.34371299945893,0.797547162438378,1.0613435982823,1.67640022718853,2.09690552388387,1.04898132638706,0.609744286010001,0.801421794487443,1.38036590344376,1.68740715651145
02-Oct-2010,2.14529955152784,1.95266000904657,2.047757168458,2.25168323934765,2.36337151694557,1.32095520635635,0.785161261947098,1.03609624616607,1.66348341604687,2.0779406284843,1.03078741240342,0.583475264989476,0.787971540103767,1.36226268776287,1.66859011621936
02-Jan-2011,2.20488244355813,2.00966959856684,2.10529533242254,2.30741790228475,2.41666809552357,1.3063832403726,0.752402368698507,1.01185751236377,1.65136014534675,2.0746641550583,1.02325175066543,0.574910808326784,0.772743875614974,1.34890298167461,1.65583617000295
02-Apr-2011,2.25720057775892,2.05984040122049,2.15668422779274,2.36250974835042,2.4738508571237,1.27206819739218,0.708493231562283,0.977388178212628,1.62797155681538,2.07247399238117,0.996744574469387,0.546450776394973,0.74856377991958,1.32495530983131,1.63601097272459
02-Jul-2011,2.24439082783892,2.0407608195838,2.13994337740042,2.35479269626591,2.46708207588219,1.23815873092514,0.673401897542144,0.939634388785659,1.60479291495158,2.0536890423114,0.958497688287519,0.499445073173711,0.702155119460273,1.29584137491491,1.61538219619331
02-Oct-2011,2.21375326261551,1.99664761762618,2.10511223588981,2.32651967368916,2.45078615329603,1.1950147545648,0.62430613457802,0.895002310195802,1.57859888647347,2.05500431025154,0.923996150940808,0.454346388475106,0.66336123581128,1.26146966624346,1.58844590898446
02-Jan-2012,2.21621801817592,1.98677120926963,2.10526744402216,2.33218162709736,2.45179302740878,1.16675479993445,0.599392968411051,0.860257016316079,1.5641511691306,2.03583888470013,0.901172105727154,0.428472609561466,0.630620541766304,1.23875658198334,1.56727247096902
02-Apr-2012,2.22029279522868,2.0000813013203,2.10679396021083,2.33849757499022,2.45960671606782,1.14031051270036,0.559839527308701,0.832926233921337,1.54589338600764,2.01263534435886,0.87592551230378,0.400383671451539,0.600186434207404,1.22610314222157,1.56179839999014
02-Jul-2012,2.20593539771478,1.98332959909624,2.08986107157334,2.32813773626117,2.44847006933414,1.12180373661271,0.534394430581645,0.804501249488894,1.53318490801275,1.9948076701578,0.86000421656799,0.365786455825185,0.582598226603321,1.20430345616908,1.52741296489247
02-Oct-2012,2.1501525755048,1.91790647176709,2.03453829578486,2.26721421225952,2.39791454346552,1.1043468719813,0.506770970277658,0.787174028120584,1.52448614722714,2.00226614247784,0.842009587372129,0.353710852029059,0.559401708512981,1.18962923701139,1.518135351378
02-Jan-2013,2.09107857753219,1.87688093412716,1.97955093326271,2.20919148482943,2.34767508641903,1.09169438888646,0.493595701235937,0.768284424439183,1.52178360814349,1.99364537982488,0.829107228579669,0.342179067215567,0.547790622577501,1.17875044130047,1.50935852330232
02-Apr-2013,2.05813759026207,1.84850036080192,1.95173296776655,2.17775950065631,2.30461499282305,1.07869037210167,0.480983500913511,0.756730722799482,1.52757490410866,1.98891406578406,0.8111038565888,0.3150714809746,0.529998574217678,1.17049589666961,1.50337712395822
02-Jul-2013,2.07562527618995,1.87751519407259,1.97155950989474,2.19167052460536,2.31176505060591,1.07475645717743,0.478556859460692,0.747293024221462,1.52735750643499,1.99647943314199,0.807423884112062,0.312488866749397,0.5227653534122,1.16376368108805,1.49327153915426
02-Oct-2013,2.07013787378151,1.87864066445517,1.97349258034194,2.18102174336751,2.30523449381611,1.0615894284937,0.473494922926929,0.73663135686263,1.51975027634016,1.99527942611198,0.798233269571941,0.288561679679693,0.509188409410994,1.14967855660016,1.47295843686999
02-Jan-2014,2.07980813381413,1.88767391603636,1.9809847535172,2.18689965477569,2.30664569001194,1.04565259798909,0.452008797291863,0.717816797164484,1.51082318499692,1.98280595618816,0.779133088067013,0.283556244664253,0.493503026373861,1.13610552227408,1.45172476601105
02-Apr-2014,2.08085970589947,1.88757158082316,1.97999491134821,2.18928508565801,2.311338642505,1.02294199928614,0.423132533852568,0.702368204150254,1.50388887506753,1.97388138802404,0.757850428952984,0.253061683588008,0.470967128923555,1.11756234050599,1.44040223198522
02-Jul-2014,2.08580373414165,1.89022552006115,1.98295498910415,2.19339565362978,2.3176964596188,1.00913266026046,0.399695264591354,0.680574902514544,1.50231417250095,1.96661818193442,0.740189529954632,0.233909740826162,0.446692148848097,1.09936886035652,1.43532547096298
02-Oct-2014,2.09201638840596,1.89070900988217,1.98739548277782,2.20333676802884,2.32129119642245,0.990192847253228,0.379788277758757,0.655289237254369,1.47881672494111,1.97585911746586,0.715772529488247,0.210320877862123,0.422852846920226,1.08206653701856,1.42526387694451
02-Jan-2015,2.09780979691889,1.88728919143449,1.99067993120619,2.21099187281698,2.32992339304332,0.969946503653462,0.360109102071043,0.634071485983195,1.46978457792282,1.9666521177701,0.690169713044539,0.182053029855019,0.399324952975738,1.0739487372658,1.41087659940479
02-Apr-2015,2.11369502224374,1.90404617750235,2.0026631648915,2.22298455885765,2.34566198317995,0.959284902009726,0.337657599618372,0.618668268468356,1.46110542139634,1.94419537455266,0.675491226712483,0.168541085500345,0.384092892406687,1.0572315975363,1.40466477448724
02-Jul-2015,2.10625562475786,1.88844334134719,1.99914224135417,2.21845834287101,2.34000788998878,0.947257564541529,0.319002545689869,0.59990394557023,1.4554724130824,1.9413241118976,0.669188699377442,0.161069644976965,0.369654247477619,1.05500409230324,1.39393177173843
02-Oct-2015,2.08715251082791,1.87237206457904,1.97446752533296,2.1988051123145,2.32083124957776,0.928252432848748,0.308093486565938,0.580074791663971,1.44834943010149,1.93778807938953,0.656295633024373,0.140954163044371,0.356211968960258,1.04372313715901,1.38841172741044
02-Jan-2016,2.09257325186395,1.87822057062034,1.98140238160959,2.2063314953577,2.33099167137401,0.908498791089935,0.281514934630217,0.561329073462201,1.43586894099992,1.92197672647254,0.639502065479318,0.125997806333461,0.340901692235241,1.02976755816609,1.37135128417068
02-Apr-2016,2.09195676025094,1.87991062584153,1.9852482363218,2.20840715087411,2.34201608614047,0.89185512808556,0.254700061497815,0.536504534317495,1.43082333360565,1.91189458568598,0.624263442795487,0.0963744355619371,0.323442145173315,1.01649765313329,1.36235051172096
02-Jul-2016,2.07546989914369,1.86258350264841,1.96483320401549,2.19424614707161,2.3109330180725,0.876605533072218,0.239198636162453,0.520236759642652,1.42047986767908,1.90601898673857,0.609353122700862,0.0858159803201366,0.31386569429908,1.01083904494414,1.34371466137133
02-Oct-2016,2.09786065007711,1.89524045243718,1.99252720740563,2.20850749955874,2.33216232120804,0.87322466938625,0.239738064804468,0.516335732844692,1.41973313010263,1.90836700008879,0.616497668978173,0.103436159501475,0.327819947262358,1.01487543149258,1.34893111423468
02-Jan-2017,2.12396663301612,1.92897010971073,2.02439714827392,2.23253227210287,2.34060955070191,0.863366497743193,0.217812940562326,0.513396765399843,1.42401042099744,1.90195111109143,0.618466731533779,0.122511620024978,0.326161679141007,1.00863130446634,1.34717533887564
02-Apr-2017,2.10165789194626,1.90310359963217,1.99815954056107,2.21003410574484,2.32090791761757,0.848372066671031,0.200997479812768,0.492212079164141,1.41408766339054,1.89684241626362,0.613715961285493,0.124485045282747,0.319441748949871,1.00561349950455,1.32222748529652
02-Jul-2017,2.06707301135519,1.86908770647867,1.96361845325549,2.17472837553612,2.28833478189467,0.829325741684571,0.179089487893238,0.469988007832798,1.40994308890126,1.90827957829631,0.599340874373429,0.112097615997165,0.307768654397774,0.993785811513352,1.3056430375693
02-Oct-2017,2.04993479398786,1.85293478198887,1.94927490389206,2.15190684620092,2.26507307046569,0.818182996742117,0.170063199652164,0.453291563054608,1.40123761405046,1.90286982314825,0.590397500241708,0.10037879444425,0.294433816799778,0.981889864586948,1.28903743815291
02-Jan-2018,2.04544451519425,1.85709407196597,1.95159987751298,2.14339090684278,2.24937475283935,0.80907198862588,0.167428279898733,0.436833062073025,1.39812840243591,1.90457574206579,0.587392734673981,0.0974745646839033,0.294056270796382,0.976245543963328,1.29091287913769
02-Apr-2018,2.03025144840738,1.84479859177444,1.9314751090837,2.12656562061096,2.23096452340872,0.787365110132475,0.144015039888152,0.414064846874397,1.39465695142211,1.90955738694545,0.576852726623141,0.0756275108628031,0.288889070175101,0.959177542018235,1.28329219710426
02-Jul-2018,2.0174872517424,1.83690543564996,1.92629623545794,2.11752566513772,2.22056499539657,0.773914841995141,0.10251987187876,0.3784328110915,1.38869981977965,1.91270788527165,0.571054032269931,0.068013074072239,0.276974179888513,0.944238255907165,1.27854387201975
02-Oct-2018,2.03633532314119,1.85660323551199,1.94753855589381,2.134404618746,2.24444546397727,0.757464968734112,0.081002562316773,0.355367523000278,1.39198490485071,1.90389417879754,0.557445189054219,0.0726577283048403,0.271756353277154,0.933889366963936,1.26844307228811
02-Jan-2019,2.03611173357318,1.85888429670863,1.94535653626797,2.13062762792478,2.24380165972102,0.732747768851844,0.0487247936845165,0.315057844101248,1.38490354946452,1.88978782913439,0.539463212315776,0.0414504721697499,0.255146435312406,0.913686160969847,1.25242674848418
02-Apr-2019,2.0431053865457,1.85241085406759,1.94744953698457,2.14606359459023,2.26290839133446,0.708151977077496,0.00958646487770554,0.271441858526334,1.36782932387452,1.87925245633464,0.523765783035974,0.0334049377321364,0.240462241447347,0.895288158717477,1.22951545799434
02-Jul-2019,2.03340394551331,1.82688217756196,1.92729828033247,2.1398406623698,2.26494974250242,0.681915265186054,-0.043183651119967,0.224669133673231,1.3535442023816,1.87649155792337,0.516540128793305,0.018435218924902,0.227580427055998,0.876782748916231,1.22111265331127
02-Oct-2019,2.03744147575046,1.8237941353929,1.92851544463273,2.15485192040807,2.28092206507157,0.67058877627601,-0.0842218258614672,0.188948626525475,1.34402722336492,1.86385705261955,0.508361532160312,0.0235846238884332,0.23233939387432,0.865632695436174,1.2049271416487
02-Jan-2020,2.00386474315171,1.77388486849535,1.88153939376288,2.13774331431395,2.28146404644023,0.648217175244543,-0.118499147494859,0.14719297793823,1.33424403033865,1.85687308453659,0.501998285546448,0.0153389444284764,0.227032367832917,0.849257115110247,1.19302527627091
02-Apr-2020,1.96017709097573,1.72445227178082,1.84188485031861,2.09104963884554,2.23506537441988,0.63886525182637,-0.152581551596943,0.127687425964578,1.32168140924421,1.86714584999814,0.50634376507226,0.0217172009696725,0.23365084691762,0.846107875237687,1.19553594346021
02-Jul-2020,1.97692724292314,1.73937145366771,1.85583574278922,2.10609749474838,2.24488435621976,0.62510072031247,-0.160322021905485,0.117487019746515,1.32320634240751,1.85125630856841,0.521064109165067,0.031141646395967,0.253648901044153,0.859595681500735,1.20343969885903
02-Oct-2020,1.99124006960113,1.75694971451287,1.87075979582767,2.1257796101451,2.26926462106765,0.630266512418058,-0.151277930043892,0.116460197306644,1.32238756580352,1.84805091674976,0.548060091851634,0.0694682015155628,0.286055905242676,0.882168427449656,1.22180193096892
02-Jan-2021,2.04590352964262,1.8060541111646,1.92060634474141,2.17961103541343,2.32329271909468,0.637821878184871,-0.15092838142596,0.124785115790512,1.32855485383409,1.85083073829585,0.577459976116811,0.093395588008882,0.320419562484393,0.898897933147356,1.23389577660457
02-Apr-2021,2.08160009608742,1.84141989970903,1.95594502321641,2.21667873548487,2.35828173113171,0.635450281554157,-0.143436041000556,0.135691912525028,1.3240032336587,1.86315093170606,0.597329009417064,0.115316141881335,0.346506182284613,0.914813964996182,1.25706847979512
02-Jul-2021,2.08966600908909,1.84507202648566,1.96761367599382,2.22547765875938,2.36977696599432,0.642622077981497,-0.133953623128149,0.135942438998313,1.31698972355203,1.84576078340616,0.613842658465536,0.130811390100695,0.364586539931992,0.920916903291615,1.2681542704953
02-Oct-2021,2.11190557018475,1.86844762118072,1.98816622472835,2.24304010746484,2.38571960894534,0.642390420266724,-0.132160888252323,0.141465961643884,1.32026893876821,1.84344785963762,0.634861021976438,0.159862751733324,0.390626888984748,0.941223517409607,1.26889039765351
02-Jan-2022,2.08440560865629,1.83277905695411,1.95807260355542,2.21510374984363,2.35661220326438,0.649169110728295,-0.117425686591256,0.152530004550284,1.32110285132295,1.84170231891431,0.660744813389491,0.19299863722493,0.419668120745382,0.954869462137651,1.29181008597199
02-Apr-2022,2.14171187667715,1.89371927286629,2.02352024334214,2.27170228220619,2.40148358797618,0.666082678333251,-0.0847739578900882,0.184169388429818,1.32379840368784,1.85669749786838,0.694664868662381,0.238345048154629,0.461674598222449,0.985853683343014,1.31055845387989
02-Jul-2022,2.15895175494523,1.92711041227525,2.04256787515337,2.28117430246425,2.40299453103515,0.66543882267498,-0.0624660895615873,0.203973180448008,1.32512069297327,1.86509226520155,0.720887968482351,0.269496822526603,0.487577468701834,1.00082790761301,1.32244654007921
02-Oct-2022,2.18280924831017,1.95742024149788,2.07387249573742,2.29739170633065,2.41714333561572,0.68034509942041,-0.0477875479170122,0.220864178837824,1.33790982722551,1.88433230664235,0.750526858627388,0.290164975716144,0.515838892773877,1.02246847887043,1.33317841289276
02-Jan-2023,2.04541414485072,1.83136922550134,1.93879931663602,2.15170987416656,2.26343517188822,0.672122854419696,-0.04488654945376,0.215692366604471,1.32872733863535,1.88421737082221,0.754618493705616,0.287518920681328,0.524266703149678,1.02007841409698,1.33010786535738
02-Apr-2023,2.0349524565541,1.82657583644103,1.93345323799379,2.13783221746772,2.24154666884195,0.690722736909952,-0.0242248203271111,0.239945708281332,1.33629786129777,1.89599182341338,0.776171298306512,0.312081408483426,0.542904723770309,1.03329872594272,1.34768100884408
02-Jul-2023,2.05771235223068,1.85059923736839,1.95595174211151,2.1566948375995,2.25950599411933,0.706728908622201,-0.00135881362070357,0.274650161713611,1.3422171963592,1.90098300648544,0.808800112583497,0.341667111316043,0.568202630461485,1.06604897391093,1.37021202312121
02-Oct-2023,2.06871694628897,1.87032566326996,1.96652251643252,2.16751304491167,2.26945178159613,0.72240253120835,0.0347763084713768,0.300514095402217,1.34955103381951,1.8964535592105,0.838940654886587,0.360078300901109,0.60285606554845,1.09275617244715,1.38639240346424
02-Jan-2024,2.00534700881806,1.80533748808263,1.90495022368766,2.10077135088679,2.20327665904573,0.722783891306351,0.0474943901117123,0.314958203087111,1.34525191354007,1.89239811621847,0.849599478718976,0.367856334772907,0.613472497177005,1.10282159159534,1.40568367229476
02-Apr-2024,2.0418086522597,1.83362387407161,1.94550981494946,2.13940934747246,2.24045151675866,0.749254632963149,0.0781746477989648,0.343594951166271,1.35796164813704,1.89913548110467,0.873211221786426,0.378937668370111,0.637145398966442,1.13026615222222,1.42551772826048
02-Jul-2024,2.0446327373767,1.84535472827571,1.94288424173841,2.14529682757786,2.24149807532811,0.758590130113529,0.094630511091241,0.36651679335826,1.35469330178149,1.91797114890393,0.885104804789946,0.39432409887718,0.652195326620823,1.14576591030606,1.43229704720046
02-Oct-2024,2.08033571411495,1.88245094705625,1.97933027245715,2.1824766736976,2.28325582812025,0.78137539625493,0.128249222907152,0.396102870810236,1.35926545873699,1.93042577990232,0.909202396341157,0.418838438216445,0.671252168397209,1.17056017586111,1.462902516143
02-Jan-2025,2.125204216236,1.91910122862587,2.01938237916234,2.23684236377104,2.3378056303987,0.8012453785712,0.154394256573292,0.419289240557318,1.36221452987217,1.94087441422376,0.932839647887606,0.440360495788321,0.690185743097545,1.20507445934802,1.50257097454437
02-Apr-2025,2.15605928145872,1.93477942177306,2.04060607581256,2.27295191393671,2.38574965981781,0.811195379729972,0.151601548963669,0.43241635668084,1.37290894409408,1.9350852299759,0.944585337275947,0.44549991860258,0.698794385581805,1.21710929793046,1.52183886446496
