Date,Pi_bar_med,Pi_bar_p2_5,Pi_bar_p16,Pi_bar_p84,Pi_bar_p97_5,R_bar_med,R_bar_p2_5,R_bar_p16,R_bar_p84,R_bar_p97_5,Ts_bar_med,Ts_bar_p2_5,Ts_bar_p16,Ts_bar_p84,Ts_bar_p97_5
02-Jan-1960,1.6532522396063,0.799668339364296,1.21579067549772,2.09899219153777,2.56950936890144,1.4524406958602,0.524135770346047,0.975049340184091,1.93309727563867,2.3737747113945,0.97917596386202,0.273522573742979,0.60318948534955,1.35435670316081,1.73886529544441
02-Apr-1960,1.63973054137483,0.799291889515746,1.2142310352134,2.08504313180192,2.53613746700131,1.4500778639355,0.527726968675691,0.983827961302481,1.92595086923837,2.36108565305357,0.980748234978934,0.279679629997384,0.605668632677597,1.34602453345887,1.72999292754423
02-Jul-1960,1.62957458020315,0.767673918023615,1.19683290101102,2.05460487468647,2.50686529845187,1.44679423404599,0.52513409521083,0.986038016058092,1.92360939577885,2.34604312920632,0.977285212829681,0.274320430656669,0.615390360231253,1.34729228680899,1.72451606980603
02-Oct-1960,1.63318130266948,0.791827517263837,1.20311627033633,2.05980816107331,2.51663149133295,1.45012388770437,0.546747322527581,0.989918676762316,1.92145368479337,2.35779023992768,0.981299597707207,0.28924037687916,0.619771377557943,1.35071269060074,1.711940050807
02-Jan-1961,1.63161996369129,0.798721789782377,1.20186228754237,2.05272517861167,2.51208406959001,1.45600323530087,0.549249606491657,0.994578124520294,1.92395625660907,2.36525152573991,0.975724636084775,0.292507098143269,0.624262627025429,1.35267547746992,1.71967597831611
02-Apr-1961,1.6372079439797,0.781532595290773,1.20413486134044,2.05389450509162,2.49647650475474,1.46472132624815,0.554397630239969,1.00021904468694,1.92265878317979,2.36816733213504,0.982031664044006,0.298073533065899,0.628137363821157,1.35053728626092,1.7109754319092
02-Jul-1961,1.65689499949307,0.827915631611701,1.22133132915277,2.07173239635967,2.51526237626095,1.47208571427404,0.574180407455762,1.00710518594038,1.93530178613576,2.37142487216824,0.986798277338924,0.3048336629194,0.633712793828208,1.35555032281148,1.70656136166795
02-Oct-1961,1.66295054275252,0.827230882191574,1.23428445510325,2.07090140564373,2.53035453025542,1.47733541563654,0.560023519039244,1.01244442731369,1.94079487114873,2.37353002572698,0.992027642512502,0.317861633899141,0.641192099080672,1.35592580465377,1.70383412604906
02-Jan-1962,1.67249534867132,0.839921592214302,1.24060897640535,2.08717059250815,2.51615954563753,1.4811419977492,0.570471642660388,1.01271951830098,1.94664970657783,2.37081921011744,0.992613648911259,0.317709218581126,0.644573989130643,1.35507418869094,1.69952201624162
02-Apr-1962,1.67095061062406,0.813625360276697,1.24182463751141,2.06830599807419,2.48572988829159,1.48028559216754,0.578571112583746,1.01296423680915,1.9420132315653,2.38156957907731,0.992989775839073,0.327112379733035,0.640929650829778,1.35030028726576,1.70458970235333
02-Jul-1962,1.67497827088208,0.83192236471284,1.24801785070042,2.07873878578794,2.49679949640988,1.48858805959878,0.567093654802298,1.02516318988875,1.94965521470773,2.37317755058157,0.996042932208372,0.328204847717022,0.650559737875036,1.35504310824861,1.70185461582638
02-Oct-1962,1.67163574964864,0.84332805481009,1.25775734099921,2.08018930561003,2.49039532684548,1.49237084990165,0.572608072470449,1.02379732848597,1.95564109704299,2.37266359747242,0.988518589327822,0.335058052353784,0.652717863080038,1.3525231797584,1.70419066224869
02-Jan-1963,1.68257412304542,0.854435457384556,1.26232866641787,2.08984403491923,2.50205911936382,1.49627943075351,0.60295182222839,1.03598718115153,1.95706431160581,2.36825966178837,0.99433774525135,0.332055709787522,0.656210678780842,1.35258874240239,1.7051192572601
02-Apr-1963,1.69892982808891,0.868447790162336,1.28129158940834,2.09491460003249,2.51440538941266,1.5008190730345,0.603195273533855,1.04118775444251,1.96296351456026,2.37350302466616,1.00162333159926,0.336103978532405,0.657056659876845,1.35160124129041,1.70042093845527
02-Jul-1963,1.7001342666483,0.891647296230312,1.28520341684766,2.10927812307387,2.52207813702762,1.50395881811044,0.615762474462665,1.03989706050135,1.95795975289736,2.38888790227663,1.00120801673363,0.340021606084495,0.662957471751599,1.35259981670639,1.69656688925493
02-Oct-1963,1.72282278097635,0.940345913474742,1.30878899984504,2.12272528461898,2.53611576305981,1.50841135901243,0.62403778135793,1.04980231956918,1.96665525268562,2.39306941369868,1.00943152258868,0.348604419531537,0.672223063555595,1.35516829342486,1.70411721381887
02-Jan-1964,1.74177818133219,0.943010091942162,1.33013127523271,2.15064484643906,2.55087917861702,1.52008486523139,0.639956334743749,1.05518036185952,1.97122593204104,2.39819498221667,1.01374145755894,0.360967014985378,0.683271867322134,1.36155101469695,1.70348674388265
02-Apr-1964,1.76232036454178,0.970152959026868,1.35233390801158,2.16008842658445,2.56771794587096,1.52172809034884,0.634564370071797,1.06618159625305,1.97449938659913,2.41691894811962,1.02311204397829,0.365908307544848,0.688024962562077,1.36604749198573,1.70347744617511
02-Jul-1964,1.77406647485963,0.996519201401566,1.37710275913727,2.17734088349415,2.58176475744684,1.53199987745405,0.630970887201632,1.0706766817262,1.97850177725211,2.42575970892187,1.02580785429986,0.375931889527238,0.691172486287522,1.37149626005827,1.69857488454221
02-Oct-1964,1.79985043864684,1.00480154959923,1.40291606651937,2.20102996118062,2.59770839996519,1.53396299193501,0.651950560313386,1.08663514981133,1.98121151192542,2.43361230476102,1.03715852441356,0.381502964632131,0.704500369130516,1.37644677721339,1.70796767826153
02-Jan-1965,1.82435040504927,1.05440362895475,1.42227075895692,2.22332901231966,2.6172449041768,1.54495654787139,0.65113240821039,1.09787188695552,1.98163130001926,2.43338020349791,1.04048550266886,0.398196939677509,0.710653793769437,1.38298759833384,1.7189065515046
02-Apr-1965,1.85907564206896,1.1072899425541,1.46338506601512,2.2522127948971,2.63229475659276,1.54857750676268,0.673513628748725,1.10698720424016,1.99361117598506,2.44896505377441,1.05374316947632,0.406047193097631,0.721378542390489,1.39096573850277,1.720535726976
02-Jul-1965,1.8927655746041,1.14274234519447,1.51201013483152,2.29234948019211,2.66191249305055,1.55563962640279,0.676847366467941,1.11911552337468,1.99570918223984,2.43801701748105,1.06267193551336,0.409096333680546,0.730379984484052,1.40597763333889,1.72957156911904
02-Oct-1965,1.94426802380752,1.20426965584111,1.56430827479098,2.32807934880596,2.69535671317904,1.56899873924552,0.694565436265141,1.13179234763702,2.00103653957783,2.4349678753208,1.07665623835606,0.441491996164811,0.746882020403245,1.42017165226612,1.74197168687652
02-Jan-1966,2.00867112004762,1.27772272732114,1.62219001284005,2.38380402533164,2.75400114333324,1.58391930662827,0.705991831692687,1.139902046335,2.01536204730538,2.44814279094298,1.09227349296732,0.458635839491764,0.762599901644067,1.43052226200341,1.73654936039738
02-Apr-1966,2.05755717626991,1.31981116955727,1.68237641102101,2.41673884607778,2.79564807934008,1.59784493271732,0.722113481498684,1.14969686007695,2.02411102301788,2.45281908035945,1.10472094008029,0.468074514092838,0.779004983081589,1.43620012453804,1.75060873595969
02-Jul-1966,2.11981016874899,1.39326567432737,1.74817611325901,2.4781905240217,2.84349251802751,1.60948826611151,0.736768185903125,1.16867120087341,2.04226764945574,2.47867006019981,1.11828593035468,0.48455933667846,0.799884345118026,1.45282765600262,1.7681964971003
02-Oct-1966,2.15608386287654,1.44174169546425,1.79545752756307,2.51166248985874,2.86858879513588,1.61716172882194,0.738783387151068,1.176242991509,2.04821582629205,2.48468335638337,1.13280958004024,0.50154323256977,0.816357084142423,1.46428097105822,1.77997331055831
02-Jan-1967,2.19266184349933,1.4883682303658,1.83145372769684,2.54085848503434,2.8858178613765,1.62835913429595,0.752051927241061,1.18525180937048,2.0527013258247,2.48743831205705,1.15028903219636,0.528637075260827,0.836370413594405,1.47414218916874,1.79958308253586
02-Apr-1967,2.26446373892918,1.56386136710547,1.910334448848,2.61605202993676,2.96226512247442,1.64170147555765,0.771492744660305,1.19403537183857,2.06767212160098,2.49480591910322,1.17451161909823,0.559563125886139,0.862945226376466,1.50718310316046,1.82476298618223
02-Jul-1967,2.34742222940331,1.64589742739641,1.99497293737381,2.68627668728744,3.03296886509598,1.66317328909385,0.793875891416853,1.21096149263832,2.08232683233985,2.52218100034602,1.19621765018171,0.583103995998763,0.882451923492134,1.52459272286007,1.83750390315615
02-Oct-1967,2.43601422663092,1.76609929194153,2.09932778126587,2.76935105832009,3.09702950220411,1.68386769096957,0.810307417243156,1.23500551046177,2.09660553325371,2.52332389795644,1.21833128477435,0.61630943631396,0.911602085667276,1.54487174518328,1.86609814821029
02-Jan-1968,2.48708438091528,1.82712511923874,2.15832081207854,2.81544224449687,3.14149347432396,1.6952279463443,0.827695209512384,1.24924545390061,2.10374101153962,2.53364565898262,1.2330125958371,0.63937878742482,0.930160936103761,1.55486910279248,1.8737650740318
02-Apr-1968,2.54275956467528,1.90192202734902,2.2205754186389,2.86952481620037,3.18404931096453,1.70248170723563,0.827480301823463,1.26597535685866,2.12373274686813,2.54220323721026,1.24616524416622,0.647597911082809,0.944710950575918,1.56628570624268,1.87137758561475
02-Jul-1968,2.58125361974809,1.96494687690891,2.26336978106034,2.89021785537647,3.19343258658667,1.70781742605635,0.848683418097474,1.27119648897731,2.13147545177138,2.53812813641649,1.26043004871638,0.670922488792163,0.960132100262656,1.57774291677646,1.89916616146412
02-Oct-1968,2.65712160516772,2.0421551425239,2.35462256928681,2.95222086639362,3.25180850447778,1.72839491540674,0.863946076562469,1.2896509854868,2.14653485663753,2.55246790813603,1.28092598726326,0.699710427752529,0.991290721502428,1.59993164246647,1.92192960539893
02-Jan-1969,2.74016000150571,2.15305925081667,2.44005775372586,3.03080748234934,3.32368701672497,1.7475338568226,0.893207223429057,1.30976805789891,2.16656340018888,2.57277422044233,1.30823194734995,0.737218079340538,1.01661826091016,1.62731489341677,1.94171059975848
02-Apr-1969,2.79324212098262,2.22137576215957,2.5016377432297,3.07026784842437,3.32780178937985,1.74873110310359,0.909446258042851,1.3166987756458,2.16664409852413,2.58467435678644,1.32617137830943,0.749150764647323,1.02623486998356,1.63975022183429,1.96251332404355
02-Jul-1969,2.85461633535512,2.30081016366748,2.57641020246111,3.11958001504221,3.36848016976363,1.76311299138635,0.913422788932486,1.33043355072001,2.18390321411665,2.59667244454792,1.34421719962504,0.762456333831433,1.04883694714235,1.65260448065492,1.96693606977977
02-Oct-1969,2.91760269324257,2.40996696372151,2.67138924145688,3.16880169561136,3.41178619295837,1.78151886237538,0.927091396539412,1.34607537282787,2.20169311678046,2.61821525002764,1.36645348802236,0.789043797927606,1.0704423300801,1.67819920873004,1.98336088992338
02-Jan-1970,2.96805720764577,2.49501019946537,2.7302389089409,3.20185968053887,3.42858818164282,1.79423212030133,0.940511924176334,1.35975005823292,2.20653827753191,2.62139023503478,1.38460944065783,0.812680708057827,1.08865386922358,1.69413780754084,2.00555999960821
02-Apr-1970,3.04100300954232,2.60164911742387,2.81787732050854,3.25435543570545,3.45462754767376,1.80874748509911,0.961228031516684,1.36959138946717,2.22167426056223,2.6263154517991,1.41215139223869,0.841116615833527,1.119962147983,1.71457226398799,2.02801300895095
02-Jul-1970,3.0697770363827,2.67368798911876,2.87681864599196,3.25498898997799,3.42203555223977,1.81295052496641,0.960361465398405,1.37723926227168,2.23686324940756,2.62563495283862,1.42716804216522,0.859853932107067,1.12999260531089,1.73526970882424,2.04577738915145
02-Oct-1970,3.07769762414499,2.75599800894072,2.92096300166143,3.23317057103973,3.37963747698034,1.81036103327344,0.974137063306308,1.38050591579668,2.23355658467359,2.62946931167839,1.43145653044155,0.868359092614694,1.13499786341264,1.73925876647025,2.05514799561177
02-Jan-1971,3.08094480017818,2.85949965176496,2.96540531764256,3.19219101930375,3.30041374830689,1.81522895412172,0.986918745418264,1.3895752965531,2.23948965696221,2.61990620809808,1.45011901707331,0.885365379342665,1.15499844608945,1.75885205848745,2.064979342253
02-Apr-1971,3.13650715383301,2.93861563086155,3.03926415187668,3.23965042472314,3.33696131260064,1.82870795236497,0.992624891784594,1.40212712771764,2.24709047194282,2.63680408739327,1.46733057031005,0.899996909294329,1.17775177475246,1.77861148244868,2.07843670004185
02-Jul-1971,3.20237176378207,3.0111713968173,3.10403961928633,3.30142647636725,3.40247426614904,1.84355751862695,1.01244981981066,1.41286103893029,2.25561641821997,2.64876634219697,1.48391251840214,0.915894291572862,1.19490704391399,1.79078257500214,2.08359106799215
02-Oct-1971,3.35487368027086,3.1632856683184,3.25532853013616,3.45522784315111,3.54952882370925,1.85090548105073,1.01872422645839,1.42182189624523,2.25910438346874,2.66336517178977,1.50187703430422,0.936567726652843,1.21411124307115,1.81078292573292,2.10913830494864
02-Jan-1972,3.46470447988842,3.26385135085456,3.36529471843807,3.5631279354333,3.66790260289852,1.86507216869695,1.02613256549715,1.43715850036239,2.2757105141564,2.67495856493525,1.53020607931446,0.95896440103791,1.24074699911244,1.84140574257726,2.13233178235359
02-Apr-1972,3.53447009588984,3.32617856081146,3.43190192630134,3.63894609954654,3.74161431297225,1.87996738797078,1.04022398541654,1.45109067708609,2.29211472394707,2.69381128935671,1.55616820919944,0.987794842413832,1.26732608064447,1.86081390446378,2.15379474624622
02-Jul-1972,3.605949824056,3.40541377674189,3.50185792088841,3.71008119608833,3.81399757171761,1.89042051482522,1.05981489844778,1.46354159479283,2.29759572359075,2.6963368885347,1.56580325537532,0.996022701397117,1.27828991054928,1.87468439400352,2.17133767013009
02-Oct-1972,3.75100511539315,3.54436034235115,3.64155758630834,3.84967675206747,3.95348070116444,1.90103948534659,1.06526654808501,1.47216442230292,2.31238991957329,2.71735137360595,1.5853325111285,1.01499129687192,1.30128040791325,1.8927872149458,2.18773093858792
02-Jan-1973,3.83435311265185,3.6244502227308,3.72939787976873,3.94145592950407,4.04673515512914,1.92695006596379,1.10293937338079,1.49942756781461,2.34162295674975,2.74631709301569,1.61952455833656,1.06206341738001,1.33575525218597,1.92210921930455,2.21325799918991
02-Apr-1973,3.83176280264933,3.61083561344639,3.71871601345295,3.93920436536278,4.05046659443839,1.93772446138797,1.10073035454284,1.50919281071182,2.34355170239577,2.74232623926574,1.63314247636712,1.07523608077194,1.34805372371971,1.93460705090226,2.2182795206833
02-Jul-1973,3.85253739355977,3.61082292705224,3.73096828709332,3.97426871416304,4.08641357723288,1.95268280162441,1.11787971785259,1.53147521096971,2.36281626974845,2.75852897086693,1.65326765936543,1.08918982862744,1.36062377327751,1.9494835865215,2.24285441566935
02-Oct-1973,3.89913055645312,3.63529106604653,3.76851573672605,4.02992745860705,4.15578000183193,1.95657136429008,1.12177029803761,1.53201325942432,2.36277982408233,2.74414705070359,1.6670829440602,1.10877722576451,1.37875343736331,1.96726759759725,2.26588145189245
02-Jan-1974,4.10079024288988,3.82415789257931,3.96100043872165,4.24180512537125,4.3764611576625,1.96904132720397,1.12348560656829,1.5494058094957,2.37825157510942,2.77890522350295,1.69260106925468,1.13855606202096,1.40860180741554,1.99233545143644,2.2964023733704
02-Apr-1974,4.4208308371864,4.12295425581741,4.27108654035241,4.57295645239253,4.7232493449319,1.99175586020205,1.15749849329483,1.56863424750151,2.40686104246624,2.80472178890242,1.73115666896162,1.17752477152664,1.44368049862253,2.02908812646744,2.32861359925408
02-Jul-1974,4.62031080834856,4.30535492275465,4.46545281986118,4.77949824490459,4.9303812897194,2.00040406812026,1.16805401099706,1.58343247633454,2.42145087129833,2.8254708479919,1.75357857893995,1.19545338786829,1.46451054833812,2.05760042170118,2.3571448104649
02-Oct-1974,4.69351922996897,4.38867760037529,4.5410689673366,4.84640311109956,4.99205994931938,2.00609515824827,1.17435868828488,1.58706586467182,2.4317825005283,2.82079878487702,1.76553304544909,1.20036976256516,1.47721047759915,2.06749945057375,2.35766733101029
02-Jan-1975,4.76508134288867,4.46682635549696,4.62005197828598,4.90364160629724,5.03423315295067,2.01137899331571,1.17884359573081,1.59075758537667,2.43267395156388,2.83793314485565,1.78506925119725,1.21526324817671,1.49846877454021,2.08673057625069,2.38450456103967
02-Apr-1975,4.86200508502882,4.59174004845872,4.73010195408014,4.99160677721516,5.11353584739662,2.02930534310368,1.18739980567463,1.60332670364838,2.45398732741723,2.84915469912588,1.80942183675674,1.24843479647147,1.52202205908521,2.11204283803479,2.4057646315366
02-Jul-1975,4.91784145151764,4.66897237724073,4.79343622710478,5.0330420396576,5.15153191571366,2.04284583868147,1.19767335561116,1.61503277798183,2.45483442560471,2.85681308938418,1.81886846627769,1.25591206504187,1.526210940981,2.11814680956826,2.40837013567751
02-Oct-1975,4.88678676390707,4.6581963796764,4.77197090538406,4.99527679643185,5.09776394304057,2.04436458259258,1.20569144593459,1.62390301114589,2.45628835673841,2.85401815256488,1.82701751974813,1.26793665183716,1.53664794389369,2.12450100217497,2.40972117962382
02-Jan-1976,4.76542789230089,4.5473348865161,4.65648944727952,4.86912010208206,4.96585353168062,2.04841675914474,1.22873097506201,1.6272418845989,2.46091836977067,2.85357977081877,1.82632536559869,1.28296015546397,1.5433507340939,2.12921111685578,2.40972835791578
02-Apr-1976,4.60263193632322,4.39537866170904,4.49799594389787,4.70799291499468,4.81063240026763,2.05786731476538,1.23702203434594,1.64134934968159,2.46418640317004,2.86366388834356,1.83147379657227,1.28490513728554,1.54449747778273,2.13386888497443,2.40936513261563
02-Jul-1976,4.57136199232123,4.36199612984964,4.46525273899694,4.67700013159135,4.77992361621741,2.05821487474936,1.24622564634372,1.64234783233552,2.4647690667849,2.85915238495645,1.83249785828428,1.2855346530015,1.55517743408996,2.12971065474427,2.40503379482681
02-Oct-1976,4.5533858492333,4.33895667337854,4.44505028248707,4.66127561008133,4.77033660460669,2.05677163225066,1.24194763477769,1.65047372656753,2.46244938729637,2.85264137570656,1.83566919333811,1.28408854188456,1.56120459298895,2.13267573855995,2.40180223696917
02-Jan-1977,4.58624557368415,4.36292550358084,4.47271684050095,4.69785251209404,4.80583735657235,2.06486453857322,1.23917830790788,1.65813299789907,2.47752839603932,2.85134734662637,1.84734673338503,1.29425717675828,1.57490646298215,2.13980243752808,2.41843902538189
02-Apr-1977,4.65192724182428,4.4296095747565,4.53954940412274,4.76479257524558,4.87692733532167,2.07345133566521,1.24387067981247,1.67404214832166,2.48367102865966,2.87229134106997,1.8630526189111,1.30698847097941,1.58253072341916,2.15022466377313,2.41832947637789
02-Jul-1977,4.75506866271295,4.52659036979095,4.64297645222909,4.8713350463946,4.98267559171418,2.08231213128792,1.26336062053461,1.68578591733074,2.49547683887325,2.87921847789416,1.87375246141026,1.32864936494257,1.59239632981683,2.15993110976272,2.4286820811026
02-Oct-1977,4.85382308639971,4.62369449726025,4.73590178940915,4.96529089748409,5.07430793739355,2.0954495622526,1.26610981384073,1.69348511140721,2.5084129863184,2.89841361068516,1.88455638512942,1.3389898793484,1.60308283624913,2.16651541279578,2.43935984236101
02-Jan-1978,5.02263069811766,4.79203668067257,4.90822980887887,5.13520231357826,5.24800183399334,2.11320957033902,1.27310262752775,1.70768176027312,2.52337754296493,2.90577122650999,1.90493818989868,1.35655561735182,1.62071441292776,2.18565159451069,2.47871717509447
02-Apr-1978,5.23747673596665,5.00709341439608,5.12248032136414,5.34924018078632,5.46298574450634,2.12300140225056,1.27285664578344,1.715625965734,2.5363104194602,2.9345769125805,1.92658103829577,1.37943992738205,1.64028778630387,2.21701057848801,2.50362236550057
02-Jul-1978,5.38191184726304,5.1312727090004,5.2569306093631,5.49973303506359,5.61572536937999,2.13542450829084,1.29403183956677,1.72581437504535,2.54852499724087,2.94313636148699,1.93768377082859,1.38754335638697,1.65549353289288,2.22867932807616,2.5275712730163
02-Oct-1978,5.58780305790773,5.34327252571817,5.46307740437558,5.71239079084938,5.83516721941715,2.14885712411129,1.29820358898156,1.7341128622538,2.56573174390999,2.96109829542091,1.95244537594737,1.40381508661232,1.66602724456812,2.2432698571636,2.53281908818574
02-Jan-1979,5.85039071278499,5.58331914659844,5.71514747921494,5.98131257314536,6.11006272733275,2.16575491953957,1.30693055349434,1.74050920139962,2.57763136332084,2.9792877403889,1.97444580684366,1.41737899405459,1.68821470037294,2.26224436812383,2.54940960195432
02-Apr-1979,5.9957142333997,5.72340683653018,5.85711177965288,6.13524104930125,6.25757039309027,2.16765342922174,1.30920508475861,1.73952401511706,2.58524110746851,2.98414085020112,1.97787835100349,1.42910721429669,1.69749268729301,2.27405938953624,2.57251160972712
02-Jul-1979,6.20057913374605,5.910104497814,6.05619611621149,6.3427335594498,6.47445739484138,2.17245838567321,1.31048149627395,1.75098080018696,2.59946767773048,2.99471710227212,1.99155182087253,1.43834662900494,1.70615211043687,2.29028173969749,2.5858410254789
02-Oct-1979,6.31670259810311,6.02431352187729,6.17814490874597,6.45905995738174,6.59669065068152,2.20628757167269,1.32842689624928,1.77746450319162,2.62315676912355,3.02970909354808,2.01790728913797,1.46044766974083,1.73327901090196,2.31691437332852,2.6211506831214
02-Jan-1980,6.42588394431059,6.13753768240526,6.28244964452482,6.5620889894993,6.6996849176702,2.23901460705905,1.35985922373333,1.80744247689487,2.65910301881206,3.07018149107442,2.06053407988024,1.49526720853498,1.76805986183588,2.35723409411169,2.64493593742221
02-Apr-1980,6.41963402009707,6.14055702167458,6.27884889976302,6.54974059686598,6.68171138215789,2.23292764675819,1.35601550162044,1.80412126158966,2.65836262749416,3.06521247738064,2.06890731431978,1.50427643768356,1.77337567262944,2.36413993496527,2.65619679365212
02-Jul-1980,6.55422082428126,6.27801641367607,6.41956547240605,6.68258682313894,6.80607046836817,2.24532087861933,1.37548554361168,1.81542470631235,2.67202476706293,3.08544591343717,2.0942304465544,1.53198885420592,1.79904998978654,2.38726952956706,2.67418113844002
02-Oct-1980,6.79572325664396,6.49986046832239,6.65366523092777,6.9302313102646,7.06069661439978,2.27789798903535,1.3962039035911,1.83683994508856,2.71418864360903,3.12549113276273,2.10852922134142,1.54820597006709,1.82000296452183,2.41484784653442,2.70112174325676
02-Jan-1981,6.9983935577255,6.66913821558445,6.83598284740482,7.14876071522506,7.2910767565036,2.30343467769371,1.3993001517839,1.85137813119623,2.72869334479147,3.16157067001531,2.13109646356281,1.54343316305915,1.83475881260407,2.43722553326084,2.74265261163357
02-Apr-1981,6.9750754442579,6.63851805113602,6.81102936245076,7.12648730566602,7.27518848816754,2.32227885051683,1.42562256295391,1.8690347573537,2.74761683831059,3.174094097713,2.15464901827724,1.56704452719796,1.85705400905565,2.46669225688283,2.75981070632511
02-Jul-1981,6.94419367984289,6.58947725315497,6.77864123566481,7.11033837560792,7.26482509937125,2.34539344078067,1.44719474832004,1.89831846505975,2.76872774106451,3.19622274990754,2.18039085869351,1.59261313883373,1.88084560150988,2.49126596850689,2.79104612741541
02-Oct-1981,6.88426020801449,6.5218399656461,6.70949969204242,7.05092822021339,7.21136412541923,2.34205261980566,1.46105024619572,1.89876185970205,2.76864869845688,3.18899578519546,2.1959623084451,1.60665158908874,1.89740211672958,2.49887297322267,2.79096239551494
02-Jan-1982,6.71360909723347,6.37351445179565,6.5499616017383,6.87211132154797,7.01872923023513,2.35037222050136,1.47847136183072,1.9166935110421,2.77775327339614,3.18949587304868,2.19104665181249,1.63396863429551,1.89440941109313,2.48533351222991,2.78935751700251
02-Apr-1982,6.52088782431973,6.20596617711299,6.36665879008813,6.66787628069305,6.81149467392087,2.34781086327204,1.48543545512011,1.91533957554826,2.76768856883444,3.17429103574077,2.18230604423678,1.62386879248558,1.88881979194193,2.47174189867364,2.76971084048851
02-Jul-1982,6.42904062145971,6.14266793132759,6.28786359125485,6.56595348416767,6.69785074051473,2.33820643092417,1.46407804803534,1.91549449943679,2.74923375738109,3.15077282168041,2.18180157983103,1.62414641172867,1.88584361127011,2.47161533985548,2.77262897995509
02-Oct-1982,6.2461666856239,5.98673284381883,6.1168096231481,6.36626612738134,6.49159484217381,2.31144112586575,1.43932674958147,1.89042250093829,2.7132010872313,3.10961320462835,2.1419342715672,1.59164038696299,1.8509849971038,2.42680212027714,2.71216744235585
02-Jan-1983,6.15653841636165,5.90262582745606,6.03559464069794,6.27305687334878,6.39879360867397,2.31812322398096,1.45578867742723,1.89977059019923,2.71837024431166,3.1061587634708,2.14318962093831,1.59389734422415,1.85958205315009,2.43298210181461,2.71261606201474
02-Apr-1983,6.16369485844591,5.92680771760569,6.04768081270748,6.2775853113104,6.38941740907991,2.32515950108803,1.46842837309213,1.90709942481313,2.72089390703107,3.11631610877722,2.1474125172244,1.59433497916637,1.8658644948117,2.43650351180313,2.72851974016253
02-Jul-1983,6.2008196833506,5.94574934987242,6.07978834685329,6.31612375192585,6.42736227154329,2.34236658369685,1.47521718566475,1.92411944508392,2.73957271325849,3.12915650288437,2.16446320051329,1.60952434596776,1.88363051303017,2.45596799607637,2.73663475595389
02-Oct-1983,6.16592359634178,5.88107338839932,6.03200033369874,6.29407151824109,6.41031742359653,2.34796740752831,1.48565972503218,1.9276227397148,2.74592943949437,3.12896378900377,2.17503510662515,1.61636862379452,1.89231795461757,2.45517242241263,2.74450002928066
02-Jan-1984,6.09764177897272,5.7799530158254,5.94519373774799,6.23452309224398,6.36525383536812,2.35596033409946,1.49120657756476,1.93162085692262,2.74784182224399,3.12839021296427,2.17096276286202,1.61843906256257,1.89244167445007,2.4543906031898,2.72839276935996
02-Apr-1984,6.01065898510325,5.67486207398203,5.85575628350851,6.16500951925975,6.31062928656385,2.37003921484518,1.52218553924762,1.95009794237709,2.76319498950017,3.13947398420967,2.18389338751599,1.62741083337198,1.9099380429057,2.46673376537823,2.73974465114483
02-Jul-1984,5.74604587148352,5.42216306371938,5.58840862086811,5.89828358710002,6.05419400819408,2.36243464783931,1.52415665283212,1.95033359499356,2.75316171316101,3.117050572053,2.15811122111696,1.60953733966711,1.88547198638519,2.4391730885693,2.71447356101318
02-Oct-1984,5.47137214838884,5.15972953636798,5.31844872388154,5.62428655459975,5.7664292140248,2.3470423125937,1.52288224871865,1.93807313615679,2.72449011385693,3.07743820384788,2.128042789472,1.57766012059539,1.85952367494657,2.40024600037442,2.68547639094859
02-Jan-1985,5.3204764401793,5.01824571786309,5.17188027314949,5.46459219192595,5.59915321573426,2.33551301597994,1.53896147466979,1.93911243834769,2.71075769572609,3.06028326802382,2.11543253284669,1.58207853292709,1.84573636860972,2.39343288434782,2.6715760882938
02-Apr-1985,5.28069686168247,5.00014549143286,5.14509532102534,5.41614634220436,5.54682605721679,2.32197196261153,1.52892024119187,1.93494665045989,2.68874342053248,3.0334540371343,2.09855408928049,1.56974307757959,1.83300363500176,2.37220412212773,2.65965497085711
02-Jul-1985,5.31042599822388,5.05681588517334,5.18356450326326,5.43533136538586,5.56628763723619,2.31510208026673,1.5175164169974,1.92701891475484,2.6799398322022,3.02679925197903,2.08243098893769,1.55234838405987,1.81085148493461,2.35972437600004,2.63688677268343
02-Oct-1985,5.23785090231728,5.01314781410189,5.12321556023188,5.359065798588,5.47378768441271,2.29531091808474,1.50278737823796,1.92155263165341,2.66197207505615,3.00170652906787,2.05585153950014,1.5310471773661,1.78921870745214,2.33889375607324,2.61531264442129
02-Jan-1986,5.04301406006135,4.82008064484262,4.9311825016392,5.15832203762767,5.27523669418896,2.27031202800304,1.4926445338011,1.9000612643991,2.62455000362593,2.96083048544706,2.01087464815922,1.4883950583813,1.74670975235122,2.28994952956484,2.57098329538911
02-Apr-1986,4.91599655708414,4.67773258366611,4.79504231283636,5.03513168507756,5.15818562213855,2.24691431990443,1.48033075054068,1.87563905175754,2.60040126260718,2.93315929697963,1.98099005660283,1.44977156755846,1.71351900722881,2.25714835321395,2.53506910959074
02-Jul-1986,4.83853787222734,4.59934067838583,4.71455874646722,4.95951587517548,5.08174450389857,2.24008487008681,1.47581839691753,1.86232137821802,2.58195599020509,2.90942046807933,1.96692868347989,1.44071731976697,1.6935170113141,2.24708934975164,2.53023000735841
02-Oct-1986,4.80002925499048,4.5663495569268,4.68068949364128,4.91959702479546,5.04012393533849,2.23822233186728,1.47247522959057,1.86558145032295,2.57863817954042,2.89807530289449,1.96244573996392,1.43414512752821,1.69026088979248,2.24414664120987,2.52432901262063
02-Jan-1987,4.80666883319683,4.5845861427464,4.69293552607552,4.91910883543281,5.03553014289,2.23360549423434,1.47361655714398,1.86067464273744,2.57417672861684,2.89210763068865,1.95665478791547,1.42714782956189,1.68691301314969,2.24090668509943,2.5082981168465
02-Apr-1987,4.85065979827907,4.63878733446974,4.74030909693287,4.95360274393101,5.06545298109223,2.25163634738225,1.49064968396729,1.88346460532979,2.58646848006669,2.91661837923624,1.98202974425767,1.45367681702961,1.71518662979596,2.26578577402329,2.53225503814411
02-Jul-1987,4.87800107682149,4.67491810144594,4.77681532856498,4.98022522564349,5.08696661976354,2.26493947679465,1.49946333804215,1.89668492504135,2.59757420995406,2.92792266425267,2.00056032735828,1.46306561928899,1.72744685051153,2.28295438255605,2.54695019382712
02-Oct-1987,4.77876377428226,4.58210424996446,4.68223129147205,4.8785279130009,4.97702728241099,2.26647223810344,1.49823282436126,1.9037567515724,2.60105486089922,2.92752133574564,2.00397234105534,1.4671085396559,1.73362344309987,2.28372023090498,2.55817854463556
02-Jan-1988,4.69402444858627,4.50217391655095,4.59614498884262,4.7940377665243,4.89312374686367,2.25527673504928,1.48478148475831,1.90144300664362,2.58681486980542,2.90609177392306,1.9887639816683,1.46666497366621,1.7169672644594,2.26766235636313,2.53719088869378
02-Apr-1988,4.59431149150698,4.40590198083518,4.4963497461463,4.68999812991697,4.78594277630804,2.26303298844219,1.50079242946012,1.90884672535247,2.58848054781833,2.89934680934338,1.98857434750148,1.46845834072319,1.71848177317507,2.26743825032562,2.53702117209229
02-Jul-1988,4.45425544112408,4.25805245493691,4.3579195497939,4.54842019961592,4.64714947179464,2.26743980872701,1.51279397858943,1.91670471653185,2.58852319610362,2.90196941017778,1.98247493114818,1.45446089830768,1.71073494410145,2.26332030006665,2.52972417842196
02-Oct-1988,4.27957770861521,4.09052951256927,4.18281941481202,4.37360649620424,4.465363971558,2.26723897990972,1.49893437169079,1.91401811392395,2.58201501254045,2.89897054226676,1.97152102039363,1.44229822727731,1.69195905072411,2.24914915843132,2.51572977624339
02-Jan-1989,4.1992134459734,4.0073031711814,4.10647948976742,4.29883003243621,4.39083509880792,2.26593398989017,1.51596487276289,1.92060060299962,2.57829103902348,2.88670559779939,1.96087720201892,1.43227710823258,1.68631586108343,2.24169893850251,2.51015966348189
02-Apr-1989,4.10703278968789,3.90703444341364,4.01017048400266,4.20847093957442,4.3027218422912,2.26099581510746,1.51120299773713,1.90839394540625,2.56469804937783,2.87630041047098,1.95097264272263,1.41575651073102,1.67633309053513,2.23055877977193,2.50280516855882
02-Jul-1989,3.93807664756183,3.73665025398983,3.84336254441049,4.03930834222374,4.13896130554561,2.25009125437505,1.50169933522529,1.90474645135346,2.55129385135364,2.85154633891522,1.93493992799099,1.40354662562655,1.66023811126396,2.21713426255132,2.49377188307753
02-Oct-1989,3.78829978847533,3.58499853221544,3.68580689568779,3.88622257511392,3.9826374991251,2.24575524052278,1.49247712965331,1.90498480287706,2.54108746629758,2.85122987243948,1.92623900718175,1.38680316584039,1.65088062117564,2.20887183631136,2.48642797029767
02-Jan-1990,3.69084216529039,3.48970273521874,3.5899138420247,3.7884693416686,3.87727881279248,2.25126361128617,1.51487006148676,1.91090535158623,2.54155343164464,2.85125327173927,1.93221833430171,1.39043138283511,1.65617374838765,2.21987109539205,2.49947602970551
02-Apr-1990,3.72590214880633,3.52274728268234,3.62587177809931,3.82536338312208,3.9303642344285,2.26173054512416,1.52172163868641,1.92312827766484,2.55324752894541,2.84822262570523,1.94917690047221,1.41128882211956,1.66796060310835,2.2349063327566,2.52014140856587
02-Jul-1990,3.78121577586986,3.57857134610013,3.68046604563958,3.87767121354502,3.97299325474196,2.26610976796496,1.5296442302921,1.92715357720053,2.55209117953691,2.84908583240984,1.95725025544302,1.41075369332454,1.67779990053443,2.2438534375129,2.51758911817895
02-Oct-1990,3.75709457503661,3.55983092715165,3.65903067997999,3.85493142103118,3.95023050980312,2.26087143801719,1.52372699421962,1.92835152562125,2.54622668185103,2.82428898850111,1.95567078132559,1.41681620647604,1.67518433554785,2.23871420936098,2.52292360946224
02-Jan-1991,3.75373637105865,3.55746391795535,3.65436861025262,3.8471574663454,3.94056630157253,2.26035955502547,1.52853457611207,1.92761150090884,2.54766346353591,2.81903305734524,1.96002577459808,1.41560644052168,1.67559206854324,2.25043169656279,2.53206829350249
02-Apr-1991,3.75821613136094,3.56236413431735,3.65851074462852,3.85232503513096,3.9469474430496,2.26207125860906,1.52583592291997,1.9312413344099,2.55059687235069,2.81117407353576,1.97185428516479,1.42150161603509,1.68309196693783,2.2626824951313,2.53444604471845
02-Jul-1991,3.65769935263778,3.46797667086581,3.56514090627221,3.75344382326088,3.84887452911907,2.2628688759499,1.53274177215225,1.93749658942734,2.5420093411918,2.80639136060984,1.96779741159279,1.41496453557025,1.67871255320184,2.2653464682743,2.5334327482045
02-Oct-1991,3.56485063114853,3.37021615584458,3.46594129395237,3.65741151781567,3.75546419168636,2.26068252811709,1.52400159726414,1.94032202265178,2.52956207453636,2.79395467336001,1.96575624905396,1.42308914889457,1.67175910004054,2.26430519359622,2.52065629810509
02-Jan-1992,3.47571276510248,3.28113649470596,3.37832146585698,3.57679302851092,3.67469858796844,2.26378192188232,1.51747613628733,1.94609061780978,2.52700807553667,2.78695559890537,1.96829156724107,1.41602717353863,1.669481762481,2.27436872816732,2.53513925543396
02-Apr-1992,3.46944818315351,3.27104946593621,3.37206250507118,3.5725644369604,3.67598186791201,2.25647992586104,1.54271539049855,1.9447461977994,2.51811761253558,2.77260255591089,1.97181901238853,1.41123188606049,1.66955559150547,2.27975971899804,2.55171836588669
02-Jul-1992,3.35764886284018,3.15756695072603,3.2525250732552,3.4626874616046,3.56334917362876,2.23277970867511,1.52868635065577,1.9349479875853,2.49489624361812,2.74072878917956,1.95045537976357,1.39143043458516,1.64584694386788,2.26743378738516,2.53169811688334
02-Oct-1992,3.27037604147226,3.06436556908182,3.1628658938705,3.37499170326394,3.4834672708571,2.22031149409926,1.52627360422381,1.93544049440294,2.48278238917904,2.72345632380088,1.93754743195297,1.37765251655378,1.63334252750507,2.26146384760663,2.52630984242974
02-Jan-1993,3.16486934798119,2.95882252118599,3.05862119220445,3.27081044347203,3.38327638711888,2.19847185883724,1.52608439120373,1.92541173403835,2.45482926630125,2.68199688000764,1.91092670134016,1.34999012403064,1.6110469109734,2.24412025909129,2.50876056508633
02-Apr-1993,3.17583250731382,2.98049900876369,3.07406658745557,3.28332111679777,3.38720204917432,2.20012946257386,1.52456042476562,1.92368740447785,2.4535886653062,2.69819259394306,1.90737153143177,1.33977697130935,1.60559748649542,2.24035724879324,2.50041517380366
02-Jul-1993,3.07211825227254,2.87606816174152,2.96993386717185,3.18128347642877,3.29158357662371,2.20237076153904,1.52998955885085,1.92100140904273,2.45255463684783,2.70343786752421,1.89964931089943,1.33241195914065,1.60449773524069,2.23320908490698,2.48749035205624
02-Oct-1993,3.04679846455127,2.84582032814365,2.94419986721783,3.15204321871139,3.25347624392869,2.2191487292043,1.53021496812608,1.93216761968864,2.46624638312126,2.71318688969941,1.90910613320533,1.34151845822289,1.61049075087077,2.24061101008715,2.49695075970537
02-Jan-1994,3.0322842758575,2.83610048148478,2.93205141196553,3.13735837279878,3.24184803729073,2.23414963508766,1.53948655756351,1.95324107224547,2.48436249796013,2.73109562263415,1.92484849015374,1.35203126123593,1.62402613538853,2.25626089890921,2.50315528304232
02-Apr-1994,3.06711652374942,2.86559703763499,2.96545252886886,3.17174776671905,3.27818097368959,2.26291978563486,1.55811355430894,1.97965689637817,2.50777148704543,2.75629433011493,1.94228441689074,1.36632285345983,1.64170283941428,2.26730147934918,2.5153050702096
02-Jul-1994,3.05207144624276,2.84698636280447,2.94752066069629,3.157062735063,3.26546939030856,2.27675538805696,1.55857439544118,1.98855830420803,2.52794379139768,2.77106633813176,1.95005472114041,1.38701830171539,1.65607403215063,2.26467742154186,2.50825047918414
02-Oct-1994,3.03537293984674,2.83032376320887,2.93498434668852,3.14374348747223,3.25306701022348,2.29167564243691,1.55502290559202,1.99795824788065,2.54966332692575,2.77861417924591,1.95336071525381,1.4017549584695,1.65835690833303,2.25796118296249,2.49634543062479
02-Jan-1995,2.95136987590836,2.76019712596497,2.85264100178095,3.05114006232026,3.14850990788638,2.29428893633312,1.54609149391997,1.99547369391477,2.54873964485639,2.77287057951145,1.94245497913611,1.38946341735895,1.64438388499541,2.23205859105606,2.45074503210105
02-Apr-1995,2.85667275701281,2.67207305990596,2.7628883081377,2.95454463650745,3.05477851193887,2.28341304208578,1.53780073415259,1.97719958431203,2.5326276998201,2.76350539430319,1.91716370773265,1.36824605638079,1.62562241294001,2.19643610762486,2.42501837922303
02-Jul-1995,2.73788953257098,2.55707082110515,2.64603049827261,2.83239308456765,2.92600625940252,2.27762638053302,1.52080701257258,1.96192027804705,2.52637308119115,2.75235501421935,1.89883431832691,1.3458433698589,1.60944605107719,2.17130492518816,2.39402763639375
02-Oct-1995,2.58786961407196,2.40696738117404,2.49511475237668,2.68450906091437,2.77903905740922,2.26800743277297,1.51466466954223,1.95665766144363,2.51588446338752,2.74372652325363,1.87185248031022,1.32079118828753,1.58426702676364,2.13880516577496,2.35653858817217
02-Jan-1996,2.51977956109358,2.34689300877786,2.43445674842774,2.61035967618631,2.70004773016892,2.26891908737816,1.49367434715951,1.95876478475702,2.51421061540073,2.74311826507211,1.86593220369287,1.31963314402247,1.5843622431366,2.12361739741441,2.33857229950931
02-Apr-1996,2.53245124541442,2.34712476646493,2.44037299701861,2.62582680654647,2.71921443455694,2.28701377019991,1.4927811287471,1.97070670990246,2.53693788670533,2.76103248582934,1.87164144389346,1.33622606230737,1.59834469680406,2.12752539994488,2.34315295352785
02-Jul-1996,2.52119414391368,2.32922466310298,2.42708687199146,2.6138402399187,2.70486575072973,2.30110611067877,1.49029649246538,1.97873166552854,2.54975435542828,2.76806119862499,1.86979833726052,1.3436764641751,1.6012625931734,2.11610397281853,2.32982450227681
02-Oct-1996,2.4957309561582,2.30990311667189,2.40216495643428,2.58986698716751,2.68001311481876,2.30210349094906,1.47570662020384,1.96587655457277,2.54756374071152,2.76904835486483,1.85769729993279,1.33840456921007,1.59642683562425,2.10139659443076,2.31074103924434
02-Jan-1997,2.50926218208224,2.3138655805969,2.40967330263295,2.5947546336675,2.68017883820521,2.32012518719939,1.48886254974811,1.97494696877204,2.56242428256277,2.78315431204318,1.85882186079582,1.34817797522544,1.60313646785669,2.09605879181171,2.31897668487588
02-Apr-1997,2.44326250323505,2.25479260399436,2.35165580237085,2.53779355959718,2.6328754202484,2.31711757367637,1.47712184512795,1.96367731555418,2.56479277081728,2.78284034410929,1.85004068759202,1.33254353035337,1.59694054963852,2.08615963832438,2.30158693001181
02-Jul-1997,2.39844477633141,2.20032874865582,2.30105099675346,2.48922413030189,2.58052479837334,2.30648113864,1.45160005980679,1.94515380202207,2.54675690970654,2.77351321659815,1.82169658552191,1.32473997056186,1.57763511605697,2.05506653986757,2.28500972986762
02-Oct-1997,2.24385173862947,2.05143003633204,2.14894333269273,2.33964623663927,2.43145093010723,2.29021989061516,1.43715238806682,1.93118654242542,2.5379581421541,2.76249828071841,1.79044012308221,1.29920517010577,1.54520647314497,2.02258869636247,2.27709998818859
02-Jan-1998,2.14761051190631,1.95452875477202,2.05392746013921,2.24440666847732,2.33856055096586,2.28376849594526,1.42388834044407,1.91864609436758,2.53257348276546,2.74793582109461,1.76884070399443,1.28428013670158,1.53327056124334,2.00465713599615,2.24063010287803
02-Apr-1998,2.07730417862495,1.88599405715072,1.97840160416936,2.17548038255459,2.26974475942905,2.27915871935472,1.39635990444715,1.90617312453809,2.52329779051263,2.73779195658337,1.75579430356756,1.28408863125084,1.52060035317052,1.98872239906607,2.23587095838359
02-Jul-1998,2.01701328102726,1.828516059148,1.92329775803642,2.11579073543202,2.21571409384838,2.2645779665212,1.38947890729896,1.8952876462025,2.51530252869616,2.72123380114173,1.7387079063069,1.26159068227777,1.50513062428858,1.97196180630485,2.23126858419977
02-Oct-1998,1.97006147581577,1.78150922010205,1.87366828713024,2.06232212832883,2.15630729856849,2.25762344442269,1.37408256837583,1.87832252665963,2.50431099064827,2.72710434165871,1.72842283009468,1.25903710672033,1.49612337104805,1.96535107547272,2.21298396816138
02-Jan-1999,1.91981498034289,1.73533528496862,1.8262167279904,2.01227193679227,2.10860504000776,2.25834806030829,1.36257033858254,1.87851564355916,2.49924052477833,2.72795479777944,1.72825446556436,1.26106343473927,1.50079372103026,1.96570030194251,2.23440260525034
02-Apr-1999,1.96725555094098,1.7882558028598,1.87479892292558,2.06006771159199,2.14863953797962,2.26349955302643,1.36498211316824,1.87717015145511,2.50814845158198,2.73088735430515,1.73686723314618,1.26449028114594,1.50638009269392,1.974209047052,2.22834948322635
02-Jul-1999,1.98460728141523,1.79938490951917,1.88567543466016,2.07567175667982,2.16690412333875,2.26362506205283,1.36961593474929,1.8799710094938,2.5084221717217,2.72364988445361,1.74318820295032,1.26922661899977,1.51313735819305,1.97826482494357,2.23654505775993
02-Oct-1999,1.99636411233983,1.81000115790569,1.90169391144983,2.09016700333358,2.17739205901621,2.26406260258117,1.36631226040024,1.88287345084114,2.50822323795216,2.73049668466442,1.74331757208722,1.27725720582879,1.51579355391989,1.97926175353147,2.23633448322588
02-Jan-2000,2.00166109925753,1.81150629181481,1.90675225877937,2.0918647258029,2.18365019775591,2.26325928649845,1.36584881570198,1.87851175193007,2.50359276322445,2.73483347330083,1.73448785664495,1.2736148594858,1.51045388890533,1.98067208811049,2.24453987996515
02-Apr-2000,1.973026066731,1.77763493662041,1.87729890893108,2.06573868284648,2.15658323255725,2.24691065546566,1.34451457954169,1.86449076789721,2.4901423704977,2.71553164297962,1.72162947735325,1.2642372285269,1.49757523064938,1.96562530027754,2.23711856935573
02-Jul-2000,1.95287407391239,1.75786733026983,1.85556652057642,2.04951485225401,2.14355015915462,2.22768130122671,1.32702541973203,1.84469976127466,2.46869496125798,2.69585166407982,1.70302818203427,1.24398019049537,1.47908410285959,1.95003274620395,2.22242956538898
02-Oct-2000,1.9351655173152,1.73821454729182,1.83658450644926,2.0296749088675,2.12398873360193,2.20917789482992,1.31178869598049,1.82767063173665,2.45193889098443,2.67531881314798,1.69107808879028,1.22962964580762,1.46018958242436,1.93755933755404,2.21788721943367
02-Jan-2001,1.92213073000312,1.73015096958741,1.82845642322898,2.01523858478429,2.1025749776399,2.18721753251981,1.30271663613222,1.80609140476008,2.43290931989614,2.66126097858706,1.68049846026397,1.22154994148321,1.45482389236488,1.93092293200305,2.20173759046495
02-Apr-2001,1.97727527844366,1.78573942778944,1.88189967003927,2.07110259094217,2.1632385707805,2.18824839039956,1.30797280201859,1.81238669447531,2.4395110779204,2.66813367799499,1.69990751383324,1.23119906247747,1.4655263546587,1.94939018186469,2.2102267701252
02-Jul-2001,2.02015633929875,1.83550300328502,1.92560588225193,2.11912512306262,2.21961441156269,2.18689604714986,1.28932104073931,1.79467164664801,2.44036237780264,2.66935465452747,1.70652977325917,1.23970995908144,1.47068020589184,1.95507874571963,2.22483358622557
02-Oct-2001,2.08000853568474,1.88380635861026,1.98365062040074,2.18116161129918,2.27616107418027,2.1853851490537,1.28959395513599,1.79176930343199,2.43692333529538,2.68069326723868,1.71744593657831,1.2508197298634,1.48034182220058,1.9695371582109,2.23685839724919
02-Jan-2002,2.15431725798189,1.95700431397742,2.05435747798671,2.2552239499921,2.35086342858457,2.18875842509562,1.28482635718928,1.79837070322075,2.44693492238704,2.68387089158097,1.73090477559629,1.25488775889536,1.49351709312322,1.99013728204114,2.26597037562993
02-Apr-2002,2.15998099167818,1.96167037739681,2.05487956326573,2.26063472045909,2.36816698867912,2.16875462003699,1.28607507138144,1.78792320084687,2.42837074099484,2.67570002364941,1.72379742380358,1.2427214137021,1.48377821637147,1.98232970230414,2.26056181610989
02-Jul-2002,2.11432409591404,1.9094806455539,2.01081883257707,2.22279309361049,2.32556724713588,2.14310601939319,1.25102508079403,1.76163541989105,2.4004558375847,2.6414986399942,1.69412535485626,1.21512616253175,1.45028269818356,1.96122592283352,2.24167679866236
02-Oct-2002,2.09138738894597,1.87841816183156,1.98124055329175,2.20050566659508,2.30528985764206,2.11535223549469,1.24726040867588,1.73999927588897,2.3825626918186,2.62526783652011,1.67814963155454,1.18951800925361,1.43203193782532,1.9480905455681,2.22859032032538
02-Jan-2003,2.08892604684423,1.87694475394911,1.98241687771877,2.19521978123798,2.30459114511618,2.0935802665619,1.21000167734324,1.71736938528583,2.36064163612027,2.6071530433282,1.65594693812829,1.16837457723147,1.40540756703783,1.93198951958403,2.21416119499817
02-Apr-2003,2.06553844144758,1.85045952012447,1.95432621023019,2.17750878659943,2.28579889835123,2.06637762166922,1.19407535306398,1.69968166637117,2.33601747306004,2.57841649463876,1.63574070184389,1.14579093840304,1.38397437374565,1.91785380564916,2.21371909205268
02-Jul-2003,2.10315784762457,1.87847573827588,1.98853113014915,2.21945219093405,2.33208905001012,2.04507663701416,1.20162254242903,1.69134361390533,2.31506924882798,2.56734720572852,1.638706164191,1.1394811768222,1.37595436120196,1.91341302124804,2.20345327336856
02-Oct-2003,2.10273405328248,1.86867916087179,1.98441477138431,2.22004308402732,2.33650014895708,2.0208389439813,1.17598248627172,1.67071329258786,2.28952133244425,2.54560411920287,1.61960201233583,1.12603917666043,1.35819340732606,1.89821114985793,2.18156386195222
02-Jan-2004,2.09814191206578,1.86788906017811,1.98280250811769,2.20926008240994,2.32795528261561,1.9896753156122,1.17145200569687,1.65189094754397,2.26149369126177,2.51642388901776,1.5911265373249,1.08798329620749,1.32330580108153,1.87590647065301,2.16497415642293
02-Apr-2004,2.11145175626193,1.87928823866573,1.99499356300857,2.22481522404282,2.34362021084973,1.9650395234886,1.16424604073229,1.63090013994425,2.23647952421463,2.4922585086735,1.57418524711112,1.06661815264632,1.30828687327969,1.85967961591332,2.14367946546888
02-Jul-2004,2.07475840531289,1.85560988642862,1.95963123710732,2.18973963853332,2.30159180599848,1.9266193636092,1.14355597379699,1.59631856997634,2.19527591641555,2.45687349777349,1.53526122884558,1.02252599568044,1.26681603253293,1.82378570261198,2.10850559997437
02-Oct-2004,2.03525867965032,1.82293106023548,1.92578106288154,2.14024732614456,2.25793654974722,1.88634741290361,1.126637407294,1.56537552889682,2.15500931810864,2.41674464831877,1.4958082875771,0.98390720149663,1.22557526072364,1.78404920130116,2.07755996086429
02-Jan-2005,1.97748397196875,1.77353457698849,1.87209634975353,2.08655700855887,2.19343332279536,1.84561794507506,1.10997452124073,1.53338262592413,2.11545265735191,2.38151821327834,1.44921897923034,0.924990126909756,1.17931235759497,1.74397139467027,2.03285305287037
02-Apr-2005,1.96521252777739,1.77319566557286,1.8622229459797,2.0697930734595,2.16970012642207,1.81681738232306,1.0706058447404,1.4991323321695,2.08364188208991,2.34696221063623,1.41359343666545,0.886730295703644,1.13868291610376,1.71436503443795,2.00089458483465
02-Jul-2005,1.94185343952759,1.73930734463584,1.84256070978178,2.04408780376409,2.14300711605281,1.78650953898023,1.0466821440888,1.47068496845601,2.05284298011122,2.32258511818657,1.37918913143009,0.85150350757125,1.10261732363766,1.6852681887941,1.9726046054605
02-Oct-2005,1.92371802396844,1.73112371486957,1.82358505721569,2.02339932359146,2.11352764389487,1.76309164187821,1.03709312964693,1.45379970262216,2.03760643909092,2.29478471012121,1.35312388388559,0.825990882633353,1.07165695549652,1.66482383584446,1.94654759970264
02-Jan-2006,1.89839843504231,1.71634999505052,1.80424220711768,1.9917990695226,2.08583191976769,1.73937054432062,1.02346262220303,1.43256700176972,2.01026855565724,2.26999992346705,1.32782253971015,0.794022194485244,1.03861270190579,1.64028046478936,1.93355378829883
02-Apr-2006,1.92140220778306,1.72208180811512,1.82583463057204,2.0120875204473,2.10718406683217,1.72359368091721,1.01503837065284,1.41822702203997,1.99444996596253,2.25844102135656,1.31732864256727,0.789398485558199,1.02098840339707,1.63205766855238,1.9246857060108
02-Jul-2006,1.91484722947168,1.72253614642131,1.81788829411182,2.00921597284484,2.10052001658388,1.69993722429691,0.988976362472412,1.39387657388866,1.97537381183349,2.2426621729067,1.29325701431877,0.755730139135373,0.990689663132727,1.60442175824171,1.89824430704496
02-Oct-2006,1.91956882834159,1.72042208863912,1.818349605423,2.01416950287669,2.10337620497376,1.67608252144707,0.967023193269481,1.36437794431595,1.96012947819935,2.22425084980947,1.26693080023407,0.735488868704352,0.962255456250883,1.59450038260758,1.89715108526866
02-Jan-2007,1.9421504007834,1.7462273819977,1.84611942829493,2.03773921696539,2.1270826366162,1.65084383775415,0.954940814696903,1.34225446902141,1.93336055520546,2.2107332317239,1.24511061375319,0.705385807074346,0.936847437034577,1.57683336284865,1.88690173361257
02-Apr-2007,1.97589430696668,1.78570710677314,1.87536968158092,2.06902985921491,2.16776157833219,1.63296739467366,0.929508907488654,1.32437898596174,1.91777866326413,2.21057340197239,1.23720859171389,0.691462579375371,0.923858567142268,1.57406945673161,1.88325367794605
02-Jul-2007,2.0433984102243,1.85293631500587,1.94925902672619,2.13811593277211,2.23189717308973,1.62250247219896,0.908357211349037,1.30870044976352,1.9097066276198,2.20690108707842,1.2270582640535,0.673721785982012,0.917382834534372,1.56946386932766,1.88857378844048
02-Oct-2007,2.08689616899766,1.89370730793698,1.98694344705522,2.18500521434284,2.28200739961816,1.59778048233692,0.891994578797329,1.28151899230373,1.89417307229351,2.18570676260107,1.21416701219965,0.656491004532419,0.903132019312026,1.55692538370582,1.86806037102101
02-Jan-2008,2.15180629412955,1.95170785671669,2.05309605902333,2.24882099355579,2.3432961409267,1.57919023523141,0.873819562604439,1.26622671476374,1.87872468952121,2.18024179957594,1.21214793343789,0.65850436258494,0.894910321192548,1.5601441395925,1.87006211216139
02-Apr-2008,2.19596906691276,1.99622346000389,2.09594278757664,2.29764809709735,2.40131435401562,1.55989714183069,0.859756998021738,1.24399172108851,1.86079699662062,2.16852643433086,1.20120238463074,0.645121042491011,0.886667064528274,1.56065457199287,1.87047757091079
02-Jul-2008,2.21937699100726,2.01391646878165,2.11639338567707,2.32328938399798,2.42505793539146,1.54038465729646,0.855850520105859,1.2269123686178,1.85324879508163,2.15317924450055,1.18716655924022,0.623518158140338,0.882378554860591,1.55300541481979,1.85888443094893
02-Oct-2008,2.23821146351709,2.02379872185534,2.13057860466782,2.34701324432709,2.45407735464202,1.52718512135387,0.839541288941494,1.21130156296005,1.83238792816775,2.16093690552583,1.17684267055783,0.610440314288445,0.863643508890993,1.54081298518359,1.86786214234088
02-Jan-2009,2.29342664978387,2.0687771965476,2.17783680890485,2.40754721133581,2.51919696103485,1.50437017087645,0.792597352621052,1.17861194550426,1.81345436448241,2.14091698827018,1.15994444922821,0.594354819031786,0.845178883184382,1.52851004798909,1.86591822204902
02-Apr-2009,2.34237003512089,2.1244625689636,2.22998776200637,2.4576307746068,2.57665466185638,1.48154049750224,0.792933258679347,1.16050011292835,1.79784945106331,2.14227096522531,1.14885917460713,0.582363246145526,0.830152766342466,1.51787805319333,1.86170780674435
02-Jul-2009,2.29791140105392,2.08042065725832,2.18645976121617,2.41391658342098,2.53438584686001,1.45742957760835,0.767816747875534,1.13741302039194,1.78247146517776,2.12234106810629,1.13138115751275,0.555325484762035,0.813658783060447,1.5108510901716,1.86474136835723
02-Oct-2009,2.25152711536398,2.03353401988792,2.14110641436275,2.36727531670319,2.48324520544506,1.43147323316296,0.73942757712315,1.11356384451713,1.76924102677141,2.11711214170089,1.11784210925024,0.532487306852404,0.793512850231155,1.50133888268941,1.85548013769786
02-Jan-2010,2.23622328527533,2.02626363162662,2.12680559047584,2.35025895815337,2.47077540712478,1.41737615427542,0.740035520729801,1.09104505535587,1.76015814716589,2.12828998636974,1.11056761351574,0.517704533622045,0.780000714641443,1.49353871660607,1.86262668113579
02-Apr-2010,2.21647820939123,2.01308569153372,2.10583908211943,2.33505838529058,2.45052438650629,1.3919725468587,0.715530306489766,1.05916429383387,1.74322007788891,2.10794155882639,1.08964617334167,0.493882193380472,0.757122209705697,1.47594282778191,1.84819940668655
02-Jul-2010,2.17270833044068,1.95652651018813,2.064369929906,2.29100392274378,2.41950131932823,1.36328435688407,0.666415661410275,1.01911071368032,1.71946200201827,2.08837566725502,1.0590641691107,0.447658864628864,0.713185227541532,1.45262420016672,1.83283220523657
02-Oct-2010,2.17078354153336,1.95484906113607,2.05701315297523,2.29061911235739,2.41578458721626,1.34362867936344,0.635587613334904,0.998133554743237,1.70552765151676,2.08085036556297,1.0345965520923,0.418321341713835,0.692236508936873,1.44860818243041,1.81883575474065
02-Jan-2011,2.23698751172056,2.01528986069265,2.12402016150664,2.35664897676469,2.48604696922427,1.32557183781189,0.615933597552922,0.981457108234218,1.69577045555706,2.07567711665439,1.02747049324662,0.406921900447131,0.678104523515014,1.44397679546952,1.83541572138117
02-Apr-2011,2.2857858161943,2.06832154765344,2.1754842358728,2.40910299469214,2.54350690654538,1.29556731595448,0.580380701729447,0.947635893837001,1.6722225912336,2.0774211236743,1.00735581681817,0.369919354031438,0.641894330315647,1.43552363322651,1.82124426081597
02-Jul-2011,2.26713902793613,2.02765123500501,2.1505101889401,2.3937936513693,2.52825285236992,1.2582145852799,0.551787531275426,0.902037225662709,1.64464561578813,2.04235388161917,0.979779954055916,0.31852444276694,0.597037840413025,1.41498103371364,1.79469577005927
02-Oct-2011,2.22536917918436,1.98284225426263,2.10254070699344,2.35741910216306,2.5065303160603,1.22559413920408,0.504093583555389,0.858652372060846,1.62077786289507,2.01669747076871,0.949224801259484,0.25730140940448,0.549556553271876,1.39010474493293,1.77955700458698
02-Jan-2012,2.22276542656199,1.96589208820771,2.09117499263379,2.35521699518176,2.51294647221508,1.19620285753862,0.468587909142386,0.822892530538043,1.59981295232341,2.01461309954407,0.930457214638981,0.225729703612942,0.515618179033826,1.37837971370036,1.77088657081643
02-Apr-2012,2.22941273032323,1.96843457981855,2.09110084554791,2.37193810560333,2.52734219146195,1.18112812427825,0.442151314725685,0.804540054919139,1.58785200365501,1.99002602751676,0.90713776718963,0.184829975754397,0.484393063567935,1.36389418828008,1.76011733137737
02-Jul-2012,2.21738651159639,1.9589651931414,2.07938048987734,2.36118854551315,2.527408067783,1.16304237613417,0.414608869834411,0.790493885728939,1.57467688559839,1.99665159246346,0.901232946535184,0.158245235447505,0.453473086023883,1.35965730652777,1.75730362758363
02-Oct-2012,2.16645762431273,1.90915682756933,2.03041520848868,2.30884531725891,2.47623988282116,1.15200414832122,0.399851378499796,0.780378207160808,1.56537618358601,1.98918590391231,0.894694294851184,0.143792616833657,0.437197997614493,1.3573792818444,1.76012092878926
02-Jan-2013,2.1107694047949,1.85807326571898,1.97993165726765,2.25601130129264,2.42048611823657,1.15247561294214,0.400174058710207,0.775804927791152,1.56442729768092,1.99107685699984,0.887336105342831,0.120316927738624,0.417280144973657,1.35673124177559,1.77013400500039
02-Apr-2013,2.08496761777427,1.82585818761986,1.9556170650345,2.22693309068126,2.39143229324763,1.1464559178932,0.38141354359897,0.763800460319293,1.56666700866839,2.00181109040357,0.874828661233549,0.0970552086857646,0.408488565466811,1.36113841592526,1.7669124195289
02-Jul-2013,2.10820086471446,1.86126572347598,1.98238096710753,2.25105200996456,2.40846210219284,1.14708559077348,0.381035101340933,0.763381652506928,1.5796171057523,2.01787133687801,0.88090582166394,0.102639217515796,0.407717447727678,1.36456375802334,1.77669951751569
02-Oct-2013,2.10510095044552,1.86775413168711,1.98372754982093,2.24543728182372,2.40666569461811,1.14071222774377,0.365297341578162,0.758820663680642,1.58410497953778,2.02295114064467,0.875837456962032,0.0792705181401397,0.382475455193916,1.35404716452192,1.7860629283587
02-Jan-2014,2.11277981046158,1.88025520352109,1.98979551330385,2.25463957952505,2.41602703187036,1.13476495879957,0.356209177973409,0.744617248885725,1.57958415632736,2.04091388294805,0.870938198121149,0.062025915116591,0.366675963237738,1.3496657689425,1.78269324037799
02-Apr-2014,2.10682248811586,1.88014656562201,1.98764579173062,2.24321389638219,2.40191105346145,1.1256296067842,0.337063428807299,0.725629970285929,1.56367528098266,2.02235982603994,0.861062204934382,0.0326709296137952,0.338642740935269,1.3442584590982,1.78829954183215
02-Jul-2014,2.10749546281185,1.87236483117649,1.98637802442519,2.24630536237074,2.4065458266007,1.1115523373763,0.313166272711666,0.716658137781824,1.56156329939766,2.03642781405715,0.849588716119612,0.00779341621303763,0.312803571465463,1.33804527156419,1.77616190102212
02-Oct-2014,2.11025035683697,1.86844292740145,1.98380286269819,2.24756775785385,2.41293088420311,1.09968316921606,0.282354107015529,0.697094193932841,1.54991830225738,2.03589684181268,0.841911330281061,-0.0313907169916071,0.290587206180019,1.33252511771754,1.76990228070033
02-Jan-2015,2.10488450846655,1.85614867390685,1.97779460126795,2.24571418765944,2.42044383644965,1.09244004436247,0.254402906685181,0.675831574801574,1.5389172532359,2.01960583636297,0.827988643153623,-0.0729461421315262,0.265575109510331,1.328098790996,1.78455589570605
02-Apr-2015,2.11613098223863,1.8685003779004,1.98899389444567,2.25854363400769,2.43279487951563,1.08348049951191,0.237065287854875,0.667679481275955,1.53223421303206,2.02406413955923,0.824925949790013,-0.103124170588888,0.242287024551733,1.32367953715816,1.79355907090009
02-Jul-2015,2.10667410202178,1.86431882143607,1.98103611676854,2.25289660807934,2.41632757124331,1.07347147929332,0.239006821392555,0.653557141259226,1.53049312713581,2.03217375210013,0.818659056614244,-0.120699335862294,0.223238985423698,1.31554432422899,1.78922036943977
02-Oct-2015,2.09255085569501,1.84073236296315,1.96210931594927,2.23335321663264,2.40393121674401,1.06456593581233,0.23424272583214,0.636504630633577,1.5239522151099,2.02467590355566,0.809743052448289,-0.152319166056773,0.21659161392867,1.32001283127649,1.79517267277444
02-Jan-2016,2.08571673398813,1.82957715217015,1.95574278279401,2.22992270923115,2.40276667280405,1.04618471145143,0.209651941158743,0.622367421966622,1.51188440388351,2.02564391969852,0.794010868080396,-0.175233083011367,0.193646573830177,1.31667621373189,1.78919639457596
02-Apr-2016,2.08927465679815,1.83372945871255,1.96004225264294,2.23765742996071,2.42106165094548,1.04437065640646,0.194956586195307,0.605728917561957,1.51223462717006,2.01490897389183,0.787922440549057,-0.203971128422066,0.181273523486377,1.31004620669346,1.7845298050548
02-Jul-2016,2.07670984372615,1.80412535972169,1.94629824445099,2.2255171413538,2.41154442207606,1.03134569025801,0.179069968474851,0.60273957299804,1.50809061105976,2.01533776355774,0.778110836164026,-0.219169634773552,0.170106604282009,1.30431129651456,1.7787582545333
02-Oct-2016,2.09701823157932,1.80845972305389,1.95329110609138,2.25981818285387,2.44519963680699,1.04148469678549,0.166452402961592,0.607382927883327,1.51872242861944,2.03723630577705,0.782178605728983,-0.201977132518551,0.179470714258173,1.31408008789413,1.78391160508203
